Workbook

Sheet Sheet1
B7: Row Labels | C7: Count of Invoice Number | D7: Sum of Invoice Amount
B8: PG1 | C8: 36 | D8: 1731476
B9: PG2 | C9: 43 | D9: 1648769
B10: PG3 | C10: 38 | D10: 1428238
B11: PG4 | C11: 36 | D11: 1618733
B12: PG5 | C12: 27 | D12: 1347736
B13: PG6 | C13: 54 | D13: 2731536
B14: PG7 | C14: 41 | D14: 2167189
B15: PG8 | C15: 40 | D15: 1612789
B16: PG9 | C16: 34 | D16: 1595725
B17: PG10 | C17: 37 | D17: 1719915
B18: Grand Total | C18: 386 | D18: 17602106

Sheet Date picker
B5: Column1 | C5: Column2
B6: FY
B7: Period
B8: Date | C8: 46234
B9: Time
C18: https://docs.google.com/spreadsheets/d/1GCdJNkdXAHeJCQ21Qb221Jc3h_niCMOGPAa-cX-2LiM/export?format=xlsx

Sheet Fake Data Source
E2: 0 | G2: /1 | K2: 46204 | L2: 46326
A3: Pay Group | B3: Validation Status | C3: Invoice Creation Date | D3: Supplier or Party Name | E3: Site | F3: Identifying PO | G3: Invoice Number | H3: Payment Terms Name | I3: Invoice Amount | J3: Requester | K3: Invoice Description | L3: Invoice Date | M3: PQ Due Date | N3: PQ Days Left | O3: PQ Status
A4: PG1 | B4: Incomplete | C4: =L4-1 -> 46303 | D4: Supplier 1 | E4: SUP001 | F4: =CONCATENATE($E$2,RANDBETWEEN(2000000,2999999),$G$2) -> 02704603/1 | H4: {=INDEX('Fake Data Source'!$S$4:$S$57,RANDBETWEEN(1,ROWS('Fake Data Source'!$S$4:$S$57)))} -> D-55-0 | I4: =RANDBETWEEN(1000,900000) -> 549281 | J4: Doe, John | L4: =RANDBETWEEN($K$2,$L$2) -> 46304 | S4: Immediate
A5: PG2 | B5: Not Validated | D5: Supplier 2 | E5: SUP002 | H5: {=INDEX('Fake Data Source'!$S$4:$S$57,RANDBETWEEN(1,ROWS('Fake Data Source'!$S$4:$S$57)))} -> D-21-0 | J5: Doe, Jane | L5: =RANDBETWEEN($K$2,$L$2) -> 46209 | S5: D-7-0
A6: PG3 | B6: Needs Revalidation | D6: Supplier 3 | E6: SUP003 | H6: {=INDEX('Fake Data Source'!$S$4:$S$57,RANDBETWEEN(1,ROWS('Fake Data Source'!$S$4:$S$57)))} -> D-20-0 | L6: =RANDBETWEEN($K$2,$L$2) -> 46308 | S6: D-7-0.25
A7: PG4 | B7: Validated | D7: Supplier 4 | E7: SUP004 | H7: {=INDEX('Fake Data Source'!$S$4:$S$57,RANDBETWEEN(1,ROWS('Fake Data Source'!$S$4:$S$57)))} -> D-60-0 | L7: =RANDBETWEEN($K$2,$L$2) -> 46316 | S7: D-7-1.5
A8: PG5 | B8: Cancelled | D8: Supplier 5 | E8: SUP005 | H8: {=INDEX('Fake Data Source'!$S$4:$S$57,RANDBETWEEN(1,ROWS('Fake Data Source'!$S$4:$S$57)))} -> D-15-0 | L8: =RANDBETWEEN($K$2,$L$2) -> 46259 | S8: D-7-2
A9: PG6 | D9: Supplier 6 | E9: SUP006 | H9: {=INDEX('Fake Data Source'!$S$4:$S$57,RANDBETWEEN(1,ROWS('Fake Data Source'!$S$4:$S$57)))} -> D-31-0 | L9: =RANDBETWEEN($K$2,$L$2) -> 46244 | S9: D-7-2.5
A10: PG7 | D10: Supplier 7 | E10: SUP007 | H10: {=INDEX('Fake Data Source'!$S$4:$S$57,RANDBETWEEN(1,ROWS('Fake Data Source'!$S$4:$S$57)))} -> D-12-2 | L10: =RANDBETWEEN($K$2,$L$2) -> 46312 | S10: D-7-5
A11: PG8 | D11: Supplier 8 | E11: SUP008 | H11: {=INDEX('Fake Data Source'!$S$4:$S$57,RANDBETWEEN(1,ROWS('Fake Data Source'!$S$4:$S$57)))} -> D-14-0.5 | L11: =RANDBETWEEN($K$2,$L$2) -> 46320 | S11: D-10-0
A12: PG9 | D12: Supplier 9 | E12: SUP009 | H12: {=INDEX('Fake Data Source'!$S$4:$S$57,RANDBETWEEN(1,ROWS('Fake Data Source'!$S$4:$S$57)))} -> D-28-0 | L12: =RANDBETWEEN($K$2,$L$2) -> 46212 | S12: D-10-2
A13: PG10 | D13: Supplier 10 | E13: SUP010 | H13: {=INDEX('Fake Data Source'!$S$4:$S$57,RANDBETWEEN(1,ROWS('Fake Data Source'!$S$4:$S$57)))} -> D-14-2 | L13: =RANDBETWEEN($K$2,$L$2) -> 46285 | S13: D-12-2
D14: Supplier 11 | E14: SUP011 | H14: {=INDEX('Fake Data Source'!$S$4:$S$57,RANDBETWEEN(1,ROWS('Fake Data Source'!$S$4:$S$57)))} -> D-7-2 | L14: =RANDBETWEEN($K$2,$L$2) -> 46212 | S14: D-14-0
D15: Supplier 12 | E15: SUP012 | H15: {=INDEX('Fake Data Source'!$S$4:$S$57,RANDBETWEEN(1,ROWS('Fake Data Source'!$S$4:$S$57)))} -> M-28-1 | L15: =RANDBETWEEN($K$2,$L$2) -> 46249 | S15: D-14-0.5
D16: Supplier 13 | E16: SUP013 | H16: {=INDEX('Fake Data Source'!$S$4:$S$57,RANDBETWEEN(1,ROWS('Fake Data Source'!$S$4:$S$57)))} -> D-20-0 | L16: =RANDBETWEEN($K$2,$L$2) -> 46275 | S16: D-14-1
D17: Supplier 14 | E17: SUP014 | H17: {=INDEX('Fake Data Source'!$S$4:$S$57,RANDBETWEEN(1,ROWS('Fake Data Source'!$S$4:$S$57)))} -> D-31-0 | L17: =RANDBETWEEN($K$2,$L$2) -> 46268 | S17: D-14-1.25
D18: Supplier 15 | E18: SUP015 | H18: {=INDEX('Fake Data Source'!$S$4:$S$57,RANDBETWEEN(1,ROWS('Fake Data Source'!$S$4:$S$57)))} -> M-30-0 | S18: D-14-1.5
D19: Supplier 16 | E19: SUP016 | H19: {=INDEX('Fake Data Source'!$S$4:$S$57,RANDBETWEEN(1,ROWS('Fake Data Source'!$S$4:$S$57)))} -> D-14-2 | S19: D-14-2
D20: Supplier 17 | E20: SUP017 | H20: {=INDEX('Fake Data Source'!$S$4:$S$57,RANDBETWEEN(1,ROWS('Fake Data Source'!$S$4:$S$57)))} -> Immediate | S20: D-14-2.5
D21: Supplier 18 | E21: SUP018 | H21: {=INDEX('Fake Data Source'!$S$4:$S$57,RANDBETWEEN(1,ROWS('Fake Data Source'!$S$4:$S$57)))} -> D-14-1 | S21: D-15-0
D22: Supplier 19 | E22: SUP019 | H22: {=INDEX('Fake Data Source'!$S$4:$S$57,RANDBETWEEN(1,ROWS('Fake Data Source'!$S$4:$S$57)))} -> D-7-0.25 | S22: D-15-1.7
D23: Supplier 20 | E23: SUP020 | H23: {=INDEX('Fake Data Source'!$S$4:$S$57,RANDBETWEEN(1,ROWS('Fake Data Source'!$S$4:$S$57)))} -> D-90-0 | S23: D-20-0
D24: Supplier 21 | E24: SUP021 | H24: {=INDEX('Fake Data Source'!$S$4:$S$57,RANDBETWEEN(1,ROWS('Fake Data Source'!$S$4:$S$57)))} -> D-21-0 | S24: D-21-0
D25: Supplier 22 | E25: SUP022 | H25: {=INDEX('Fake Data Source'!$S$4:$S$57,RANDBETWEEN(1,ROWS('Fake Data Source'!$S$4:$S$57)))} -> D-30-0 | S25: D-24-0
D26: Supplier 23 | E26: SUP023 | H26: {=INDEX('Fake Data Source'!$S$4:$S$57,RANDBETWEEN(1,ROWS('Fake Data Source'!$S$4:$S$57)))} -> D-14-0 | S26: D-25-0
D27: Supplier 24 | E27: SUP024 | H27: {=INDEX('Fake Data Source'!$S$4:$S$57,RANDBETWEEN(1,ROWS('Fake Data Source'!$S$4:$S$57)))} -> D-30-4.5 | S27: D-28-0
D28: Supplier 25 | E28: SUP025 | H28: {=INDEX('Fake Data Source'!$S$4:$S$57,RANDBETWEEN(1,ROWS('Fake Data Source'!$S$4:$S$57)))} -> D-14-2.5 | S28: D-28-1
D29: Supplier 26 | E29: SUP026 | H29: {=INDEX('Fake Data Source'!$S$4:$S$57,RANDBETWEEN(1,ROWS('Fake Data Source'!$S$4:$S$57)))} -> M2-10-0 | S29: D-30-0
... D57: Supplier 54 | E57: SUP054 | H57: {=INDEX('Fake Data Source'!$S$4:$S$57,RANDBETWEEN(1,ROWS('Fake Data Source'!$S$4:$S$57)))} -> M-10-0 | S57: M2-30-0
D58: Supplier 55 | E58: SUP055 | H58: {=INDEX('Fake Data Source'!$S$4:$S$57,RANDBETWEEN(1,ROWS('Fake Data Source'!$S$4:$S$57)))} -> D-60-0
D59: Supplier 56 | E59: SUP056 | H59: {=INDEX('Fake Data Source'!$S$4:$S$57,RANDBETWEEN(1,ROWS('Fake Data Source'!$S$4:$S$57)))} -> D-14-1.5
D60: Supplier 57 | E60: SUP057 | H60: {=INDEX('Fake Data Source'!$S$4:$S$57,RANDBETWEEN(1,ROWS('Fake Data Source'!$S$4:$S$57)))} -> D-31-0
D61: Supplier 58 | E61: SUP058 | H61: {=INDEX('Fake Data Source'!$S$4:$S$57,RANDBETWEEN(1,ROWS('Fake Data Source'!$S$4:$S$57)))} -> M-28-1
D62: Supplier 59 | E62: SUP059 | H62: {=INDEX('Fake Data Source'!$S$4:$S$57,RANDBETWEEN(1,ROWS('Fake Data Source'!$S$4:$S$57)))} -> D-7-2
D63: Supplier 60 | E63: SUP060 | H63: {=INDEX('Fake Data Source'!$S$4:$S$57,RANDBETWEEN(1,ROWS('Fake Data Source'!$S$4:$S$57)))} -> D-30-1.5
D64: Supplier 61 | E64: SUP061 | H64: {=INDEX('Fake Data Source'!$S$4:$S$57,RANDBETWEEN(1,ROWS('Fake Data Source'!$S$4:$S$57)))} -> D-30-1.5
D65: Supplier 62 | E65: SUP062 | H65: {=INDEX('Fake Data Source'!$S$4:$S$57,RANDBETWEEN(1,ROWS('Fake Data Source'!$S$4:$S$57)))} -> M-28-1
D66: Supplier 63 | E66: SUP063 | H66: {=INDEX('Fake Data Source'!$S$4:$S$57,RANDBETWEEN(1,ROWS('Fake Data Source'!$S$4:$S$57)))} -> D-14-0.5
D67: Supplier 64 | E67: SUP064 | H67: {=INDEX('Fake Data Source'!$S$4:$S$57,RANDBETWEEN(1,ROWS('Fake Data Source'!$S$4:$S$57)))} -> M-16-0
D68: Supplier 65 | E68: SUP065 | H68: {=INDEX('Fake Data Source'!$S$4:$S$57,RANDBETWEEN(1,ROWS('Fake Data Source'!$S$4:$S$57)))} -> Immediate
D69: Supplier 66 | E69: SUP066 | H69: {=INDEX('Fake Data Source'!$S$4:$S$57,RANDBETWEEN(1,ROWS('Fake Data Source'!$S$4:$S$57)))} -> D-15-1.7
... D503: Supplier 500 | E503: SUP500 | H503: {=INDEX('Fake Data Source'!$S$4:$S$57,RANDBETWEEN(1,ROWS('Fake Data Source'!$S$4:$S$57)))} -> D-15-0

Sheet FAKE REPORT
A2: Pay Group | B2: Validation Status | C2: Invoice Creation Date | D2: Supplier or Party Name | E2: Site | F2: Identifying PO | G2: Invoice Number | H2: Payment Terms Name | I2: Invoice Amount | J2: Requester | K2: Invoice Description | L2: Invoice Date
A3: PG3 | B3: Incomplete | C3: 46292 | D3: Supplier 303 | E3: SUP303 | F3: 02660484/1 | G3: INV530878 | H3: D-45-0 | I3: 67890 | L3: 46293
A4: PG4 | B4: Needs Revalidation | C4: 46228 | D4: Supplier 428 | E4: SUP428 | F4: 02221636/1 | G4: INV125318288 | H4: D-10-0 | I4: 75077 | L4: 46318
A5: PG6 | B5: Needs Revalidation | C5: 46242 | D5: Supplier 62 | E5: SUP062 | F5: 02926544/1 | G5: INV576563779 | H5: D-14-1.25 | I5: 80070 | L5: 46308
A6: PG10 | B6: Needs Revalidation | C6: 46241 | D6: Supplier 194 | E6: SUP194 | F6: 02582130/1 | G6: INV105432217 | H6: D-50-0 | I6: 34929 | L6: 46276
A7: PG6 | B7: Validated | C7: 46285 | D7: Supplier 378 | E7: SUP378 | F7: 02762159/1 | G7: INV528678403 | H7: D-14-2 | I7: 46545 | L7: 46275
A8: PG1 | B8: Cancelled | C8: 46318 | D8: Supplier 488 | E8: SUP488 | F8: 02155101/1 | G8: INV149695241 | H8: D-20-0 | I8: 52679 | L8: 46208
A9: PG7 | B9: Not Validated | C9: 46321 | D9: Supplier 282 | E9: SUP282 | F9: 02036885/1 | G9: INV76277213 | H9: D-7-5 | I9: 46916 | L9: 46321
A10: PG6 | B10: Not Validated | C10: 46303 | D10: Supplier 143 | E10: SUP143 | F10: 02781054/1 | G10: INV882812081 | H10: M-25-0 | I10: 31642 | L10: 46311
A11: PG3 | B11: Incomplete | C11: 46293 | D11: Supplier 353 | E11: SUP353 | F11: 02273895/1 | G11: INV592097569 | H11: D-28-1 | I11: 61084 | L11: 46226
A12: PG6 | B12: Validated | C12: 46323 | D12: Supplier 146 | E12: SUP146 | F12: 02529850/1 | G12: INV730273642 | H12: D-60-2 | I12: 35963 | L12: 46272
A13: PG10 | B13: Not Validated | C13: 46289 | D13: Supplier 11 | E13: SUP011 | F13: 02666539/1 | G13: INV206800501 | H13: M-21-0.7 | I13: 1637 | L13: 46291
A14: PG10 | B14: Validated | C14: 46231 | D14: Supplier 312 | E14: SUP312 | F14: 02262683/1 | G14: INV498502573 | H14: D-7-1.5 | I14: 51564 | L14: 46270
... A10001: PG3 | B10001: Cancelled | C10001: 46308 | D10001: Supplier 163 | E10001: SUP163 | F10001: 02998147/1 | G10001: INV354764459 | H10001: D-90-0 | I10001: 37216 | L10001: 46266

Sheet Dates
F1: Date Lookup | U1: Folder Name Lookup
A2: Drop-down Dates | F2: P01 | G2: P02 | H2: P03 | I2: P04 | J2: P05 | K2: P06 | L2: P07 | M2: P08 | N2: P09 | O2: P10 | P2: P11 | Q2: P12 | U2: P01 | V2: P02 | W2: P03 | X2: P04 | Y2: P05 | Z2: P06 | AA2: P07 | AB2: P08 | AC2: P09 | AD2: P10 | AE2: P11 | AF2: P12 | AJ2: Period | AK2: Days | AL2: Bank Holidays | AM2: Files
A3: {=_xlfn._xlws.FILTER( INDEX($F$3:$Q$108, _xlfn.SEQUENCE(ROWS($F$3:$F$108)), MATCH('[1]Folder Location'!$F$11, $F$2:$Q$2, 0)), ($D$3:$D$108 = '[1]Folder Location'!$F$10) * ( INDEX($F$3:$Q$108, _xlfn.SEQUENCE(ROWS($F$3:$F$108)), MATCH('[1]Folder Location'!$F$11, $F$2:$Q$2, 0)) <> 0))} -> 46293 | C3: FY27 | D3: FY27 | E3: =TEXT( F3, "ddd") -> Mon | F3: 46111 | G3: =F27+3 -> 46146 | H3: =G22+3 -> 46174 | I3: =H22+3 -> 46202 | J3: =I27+3 -> 46237 | K3: =J22+3 -> 46265 | L3: =K22+3 -> 46293 | M3: =L27+3 -> 46328 | N3: =M22+3 -> 46356 | O3: =N22+3 -> 46384 | P3: =O27+3 -> 46419 | Q3: =P22+3 -> 46447 | U3: =YEAR(F3)&"_"&TEXT(MONTH(F3),"00")&"_"&TEXT(DAY(F3),"00") -> 2026_03_30 | V3: =YEAR(G3)&"_"&TEXT(MONTH(G3),"00")&"_"&TEXT(DAY(G3),"00") -> 2026_05_04 | W3: =YEAR(H3)&"_"&TEXT(MONTH(H3),"00")&"_"&TEXT(DAY(H3),"00") -> 2026_06_01 | X3: =YEAR(I3)&"_"&TEXT(MONTH(I3),"00")&"_"&TEXT(DAY(I3),"00") -> 2026_06_29 | Y3: =YEAR(J3)&"_"&TEXT(MONTH(J3),"00")&"_"&TEXT(DAY(J3),"00") -> 2026_08_03 | Z3: =YEAR(K3)&"_"&TEXT(MONTH(K3),"00")&"_"&TEXT(DAY(K3),"00") -> 2026_08_31 | AA3: =YEAR(L3)&"_"&TEXT(MONTH(L3),"00")&"_"&TEXT(DAY(L3),"00") -> 2026_09_28 | AB3: =YEAR(M3)&"_"&TEXT(MONTH(M3),"00")&"_"&TEXT(DAY(M3),"00") -> 2026_11_02 | ... AF3: =YEAR(Q3)&"_"&TEXT(MONTH(Q3),"00")&"_"&TEXT(DAY(Q3),"00") -> 2027_03_01 | AJ3: FY27 | AK3: {=_xlfn.DROP( IF(_xlfn._TRO_TRAILING( AL:AL) = "", "", TEXT(_xlfn._TRO_TRAILING( AL:AL), "ddd" )), ROW(AK3)-1)} -> Fri | AL3: 46115 | AM3: =YEAR(AL3)&"_"&TEXT(MONTH(AL3),"00")&"_"&TEXT(DAY(AL3),"00") -> 2026_04_03 | AQ3: {=IFERROR( _xlfn.DROP( "MD " &_xlfn._TRO_TRAILING( AP:AP), ROW(AQ3)-1), "<<<<<<<<<<<<<<<")} -> <<<<<<<<<<<<<<<
A4: 46294 | D4: FY27 | E4: =TEXT( F4, "ddd") -> Tue | F4: =F3+1 -> 46112 | G4: =G3+1 -> 46147 | H4: =H3+1 -> 46175 | I4: =I3+1 -> 46203 | J4: =J3+1 -> 46238 | K4: =K3+1 -> 46266 | L4: =L3+1 -> 46294 | M4: =M3+1 -> 46329 | ... Q4: =Q3+1 -> 46448 | U4: =YEAR(F4)&"_"&TEXT(MONTH(F4),"00")&"_"&TEXT(DAY(F4),"00") -> 2026_03_31 | V4: =YEAR(G4)&"_"&TEXT(MONTH(G4),"00")&"_"&TEXT(DAY(G4),"00") -> 2026_05_05 | W4: =YEAR(H4)&"_"&TEXT(MONTH(H4),"00")&"_"&TEXT(DAY(H4),"00") -> 2026_06_02 | X4: =YEAR(I4)&"_"&TEXT(MONTH(I4),"00")&"_"&TEXT(DAY(I4),"00") -> 2026_06_30 | Y4: =YEAR(J4)&"_"&TEXT(MONTH(J4),"00")&"_"&TEXT(DAY(J4),"00") -> 2026_08_04 | Z4: =YEAR(K4)&"_"&TEXT(MONTH(K4),"00")&"_"&TEXT(DAY(K4),"00") -> 2026_09_01 | AA4: =YEAR(L4)&"_"&TEXT(MONTH(L4),"00")&"_"&TEXT(DAY(L4),"00") -> 2026_09_29 | AB4: =YEAR(M4)&"_"&TEXT(MONTH(M4),"00")&"_"&TEXT(DAY(M4),"00") -> 2026_11_03 | ... AF4: =YEAR(Q4)&"_"&TEXT(MONTH(Q4),"00")&"_"&TEXT(DAY(Q4),"00") -> 2027_03_02 | AJ4: FY27 | AK4: Mon | AL4: 46118 | AM4: =YEAR(AL4)&"_"&TEXT(MONTH(AL4),"00")&"_"&TEXT(DAY(AL4),"00") -> 2026_04_06
A5: 46295 | D5: FY27 | E5: =TEXT( F5, "ddd") -> Wed | F5: =F4+1 -> 46113 | G5: =G4+1 -> 46148 | H5: =H4+1 -> 46176 | I5: =I4+1 -> 46204 | J5: =J4+1 -> 46239 | K5: =K4+1 -> 46267 | L5: =L4+1 -> 46295 | M5: =M4+1 -> 46330 | ... Q5: =Q4+1 -> 46449 | U5: =YEAR(F5)&"_"&TEXT(MONTH(F5),"00")&"_"&TEXT(DAY(F5),"00") -> 2026_04_01 | V5: =YEAR(G5)&"_"&TEXT(MONTH(G5),"00")&"_"&TEXT(DAY(G5),"00") -> 2026_05_06 | W5: =YEAR(H5)&"_"&TEXT(MONTH(H5),"00")&"_"&TEXT(DAY(H5),"00") -> 2026_06_03 | X5: =YEAR(I5)&"_"&TEXT(MONTH(I5),"00")&"_"&TEXT(DAY(I5),"00") -> 2026_07_01 | Y5: =YEAR(J5)&"_"&TEXT(MONTH(J5),"00")&"_"&TEXT(DAY(J5),"00") -> 2026_08_05 | Z5: =YEAR(K5)&"_"&TEXT(MONTH(K5),"00")&"_"&TEXT(DAY(K5),"00") -> 2026_09_02 | AA5: =YEAR(L5)&"_"&TEXT(MONTH(L5),"00")&"_"&TEXT(DAY(L5),"00") -> 2026_09_30 | AB5: =YEAR(M5)&"_"&TEXT(MONTH(M5),"00")&"_"&TEXT(DAY(M5),"00") -> 2026_11_04 | ... AF5: =YEAR(Q5)&"_"&TEXT(MONTH(Q5),"00")&"_"&TEXT(DAY(Q5),"00") -> 2027_03_03 | AJ5: FY27 | AK5: Mon | AL5: 46146 | AM5: =YEAR(AL5)&"_"&TEXT(MONTH(AL5),"00")&"_"&TEXT(DAY(AL5),"00") -> 2026_05_04
A6: 46296 | D6: FY27 | E6: =TEXT( F6, "ddd") -> Thu | F6: =F5+1 -> 46114 | G6: =G5+1 -> 46149 | H6: =H5+1 -> 46177 | I6: =I5+1 -> 46205 | J6: =J5+1 -> 46240 | K6: =K5+1 -> 46268 | L6: =L5+1 -> 46296 | M6: =M5+1 -> 46331 | ... Q6: =Q5+1 -> 46450 | U6: =YEAR(F6)&"_"&TEXT(MONTH(F6),"00")&"_"&TEXT(DAY(F6),"00") -> 2026_04_02 | V6: =YEAR(G6)&"_"&TEXT(MONTH(G6),"00")&"_"&TEXT(DAY(G6),"00") -> 2026_05_07 | W6: =YEAR(H6)&"_"&TEXT(MONTH(H6),"00")&"_"&TEXT(DAY(H6),"00") -> 2026_06_04 | X6: =YEAR(I6)&"_"&TEXT(MONTH(I6),"00")&"_"&TEXT(DAY(I6),"00") -> 2026_07_02 | Y6: =YEAR(J6)&"_"&TEXT(MONTH(J6),"00")&"_"&TEXT(DAY(J6),"00") -> 2026_08_06 | Z6: =YEAR(K6)&"_"&TEXT(MONTH(K6),"00")&"_"&TEXT(DAY(K6),"00") -> 2026_09_03 | AA6: =YEAR(L6)&"_"&TEXT(MONTH(L6),"00")&"_"&TEXT(DAY(L6),"00") -> 2026_10_01 | AB6: =YEAR(M6)&"_"&TEXT(MONTH(M6),"00")&"_"&TEXT(DAY(M6),"00") -> 2026_11_05 | ... AF6: =YEAR(Q6)&"_"&TEXT(MONTH(Q6),"00")&"_"&TEXT(DAY(Q6),"00") -> 2027_03_04 | AJ6: FY27 | AK6: Mon | AL6: 46167 | AM6: =YEAR(AL6)&"_"&TEXT(MONTH(AL6),"00")&"_"&TEXT(DAY(AL6),"00") -> 2026_05_25
A7: 46297 | D7: FY27 | E7: =TEXT( F7, "ddd") -> Fri | F7: =F6+1 -> 46115 | G7: =G6+1 -> 46150 | H7: =H6+1 -> 46178 | I7: =I6+1 -> 46206 | J7: =J6+1 -> 46241 | K7: =K6+1 -> 46269 | L7: =L6+1 -> 46297 | M7: =M6+1 -> 46332 | ... Q7: =Q6+1 -> 46451 | U7: =YEAR(F7)&"_"&TEXT(MONTH(F7),"00")&"_"&TEXT(DAY(F7),"00") -> 2026_04_03 | V7: =YEAR(G7)&"_"&TEXT(MONTH(G7),"00")&"_"&TEXT(DAY(G7),"00") -> 2026_05_08 | W7: =YEAR(H7)&"_"&TEXT(MONTH(H7),"00")&"_"&TEXT(DAY(H7),"00") -> 2026_06_05 | X7: =YEAR(I7)&"_"&TEXT(MONTH(I7),"00")&"_"&TEXT(DAY(I7),"00") -> 2026_07_03 | Y7: =YEAR(J7)&"_"&TEXT(MONTH(J7),"00")&"_"&TEXT(DAY(J7),"00") -> 2026_08_07 | Z7: =YEAR(K7)&"_"&TEXT(MONTH(K7),"00")&"_"&TEXT(DAY(K7),"00") -> 2026_09_04 | AA7: =YEAR(L7)&"_"&TEXT(MONTH(L7),"00")&"_"&TEXT(DAY(L7),"00") -> 2026_10_02 | AB7: =YEAR(M7)&"_"&TEXT(MONTH(M7),"00")&"_"&TEXT(DAY(M7),"00") -> 2026_11_06 | ... AF7: =YEAR(Q7)&"_"&TEXT(MONTH(Q7),"00")&"_"&TEXT(DAY(Q7),"00") -> 2027_03_05 | AJ7: FY27 | AK7: Mon | AL7: 46265 | AM7: =YEAR(AL7)&"_"&TEXT(MONTH(AL7),"00")&"_"&TEXT(DAY(AL7),"00") -> 2026_08_31
A8: 46300 | D8: FY27 | E8: =TEXT( F8, "ddd") -> Mon | F8: =F7+3 -> 46118 | G8: =G7+3 -> 46153 | H8: =H7+3 -> 46181 | I8: =I7+3 -> 46209 | J8: =J7+3 -> 46244 | K8: =K7+3 -> 46272 | L8: =L7+3 -> 46300 | M8: =M7+3 -> 46335 | ... Q8: =Q7+3 -> 46454 | U8: =YEAR(F8)&"_"&TEXT(MONTH(F8),"00")&"_"&TEXT(DAY(F8),"00") -> 2026_04_06 | V8: =YEAR(G8)&"_"&TEXT(MONTH(G8),"00")&"_"&TEXT(DAY(G8),"00") -> 2026_05_11 | W8: =YEAR(H8)&"_"&TEXT(MONTH(H8),"00")&"_"&TEXT(DAY(H8),"00") -> 2026_06_08 | X8: =YEAR(I8)&"_"&TEXT(MONTH(I8),"00")&"_"&TEXT(DAY(I8),"00") -> 2026_07_06 | Y8: =YEAR(J8)&"_"&TEXT(MONTH(J8),"00")&"_"&TEXT(DAY(J8),"00") -> 2026_08_10 | Z8: =YEAR(K8)&"_"&TEXT(MONTH(K8),"00")&"_"&TEXT(DAY(K8),"00") -> 2026_09_07 | AA8: =YEAR(L8)&"_"&TEXT(MONTH(L8),"00")&"_"&TEXT(DAY(L8),"00") -> 2026_10_05 | AB8: =YEAR(M8)&"_"&TEXT(MONTH(M8),"00")&"_"&TEXT(DAY(M8),"00") -> 2026_11_09 | ... AF8: =YEAR(Q8)&"_"&TEXT(MONTH(Q8),"00")&"_"&TEXT(DAY(Q8),"00") -> 2027_03_08 | AJ8: FY27 | AK8: Fri | AL8: 46381 | AM8: =YEAR(AL8)&"_"&TEXT(MONTH(AL8),"00")&"_"&TEXT(DAY(AL8),"00") -> 2026_12_25
A9: 46301 | D9: FY27 | E9: =TEXT( F9, "ddd") -> Tue | F9: =F8+1 -> 46119 | G9: =G8+1 -> 46154 | H9: =H8+1 -> 46182 | I9: =I8+1 -> 46210 | J9: =J8+1 -> 46245 | K9: =K8+1 -> 46273 | L9: =L8+1 -> 46301 | M9: =M8+1 -> 46336 | ... Q9: =Q8+1 -> 46455 | U9: =YEAR(F9)&"_"&TEXT(MONTH(F9),"00")&"_"&TEXT(DAY(F9),"00") -> 2026_04_07 | V9: =YEAR(G9)&"_"&TEXT(MONTH(G9),"00")&"_"&TEXT(DAY(G9),"00") -> 2026_05_12 | W9: =YEAR(H9)&"_"&TEXT(MONTH(H9),"00")&"_"&TEXT(DAY(H9),"00") -> 2026_06_09 | X9: =YEAR(I9)&"_"&TEXT(MONTH(I9),"00")&"_"&TEXT(DAY(I9),"00") -> 2026_07_07 | Y9: =YEAR(J9)&"_"&TEXT(MONTH(J9),"00")&"_"&TEXT(DAY(J9),"00") -> 2026_08_11 | Z9: =YEAR(K9)&"_"&TEXT(MONTH(K9),"00")&"_"&TEXT(DAY(K9),"00") -> 2026_09_08 | AA9: =YEAR(L9)&"_"&TEXT(MONTH(L9),"00")&"_"&TEXT(DAY(L9),"00") -> 2026_10_06 | AB9: =YEAR(M9)&"_"&TEXT(MONTH(M9),"00")&"_"&TEXT(DAY(M9),"00") -> 2026_11_10 | ... AF9: =YEAR(Q9)&"_"&TEXT(MONTH(Q9),"00")&"_"&TEXT(DAY(Q9),"00") -> 2027_03_09 | AJ9: FY27 | AK9: Mon | AL9: 46384 | AM9: =YEAR(AL9)&"_"&TEXT(MONTH(AL9),"00")&"_"&TEXT(DAY(AL9),"00") -> 2026_12_28
A10: 46302 | D10: FY27 | E10: =TEXT( F10, "ddd") -> Wed | F10: =F9+1 -> 46120 | G10: =G9+1 -> 46155 | H10: =H9+1 -> 46183 | I10: =I9+1 -> 46211 | J10: =J9+1 -> 46246 | K10: =K9+1 -> 46274 | L10: =L9+1 -> 46302 | M10: =M9+1 -> 46337 | ... Q10: =Q9+1 -> 46456 | U10: =YEAR(F10)&"_"&TEXT(MONTH(F10),"00")&"_"&TEXT(DAY(F10),"00") -> 2026_04_08 | V10: =YEAR(G10)&"_"&TEXT(MONTH(G10),"00")&"_"&TEXT(DAY(G10),"00") -> 2026_05_13 | W10: =YEAR(H10)&"_"&TEXT(MONTH(H10),"00")&"_"&TEXT(DAY(H10),"00") -> 2026_06_10 | X10: =YEAR(I10)&"_"&TEXT(MONTH(I10),"00")&"_"&TEXT(DAY(I10),"00") -> 2026_07_08 | Y10: =YEAR(J10)&"_"&TEXT(MONTH(J10),"00")&"_"&TEXT(DAY(J10),"00") -> 2026_08_12 | Z10: =YEAR(K10)&"_"&TEXT(MONTH(K10),"00")&"_"&TEXT(DAY(K10),"00") -> 2026_09_09 | AA10: =YEAR(L10)&"_"&TEXT(MONTH(L10),"00")&"_"&TEXT(DAY(L10),"00") -> 2026_10_07 | AB10: =YEAR(M10)&"_"&TEXT(MONTH(M10),"00")&"_"&TEXT(DAY(M10),"00") -> 2026_11_11 | ... AF10: =YEAR(Q10)&"_"&TEXT(MONTH(Q10),"00")&"_"&TEXT(DAY(Q10),"00") -> 2027_03_10 | AJ10: FY27 | AK10: Fri | AL10: 46388 | AM10: =YEAR(AL10)&"_"&TEXT(MONTH(AL10),"00")&"_"&TEXT(DAY(AL10),"00") -> 2027_01_01
A11: 46303 | D11: FY27 | E11: =TEXT( F11, "ddd") -> Thu | F11: =F10+1 -> 46121 | G11: =G10+1 -> 46156 | H11: =H10+1 -> 46184 | I11: =I10+1 -> 46212 | J11: =J10+1 -> 46247 | K11: =K10+1 -> 46275 | L11: =L10+1 -> 46303 | M11: =M10+1 -> 46338 | ... Q11: =Q10+1 -> 46457 | U11: =YEAR(F11)&"_"&TEXT(MONTH(F11),"00")&"_"&TEXT(DAY(F11),"00") -> 2026_04_09 | V11: =YEAR(G11)&"_"&TEXT(MONTH(G11),"00")&"_"&TEXT(DAY(G11),"00") -> 2026_05_14 | W11: =YEAR(H11)&"_"&TEXT(MONTH(H11),"00")&"_"&TEXT(DAY(H11),"00") -> 2026_06_11 | X11: =YEAR(I11)&"_"&TEXT(MONTH(I11),"00")&"_"&TEXT(DAY(I11),"00") -> 2026_07_09 | Y11: =YEAR(J11)&"_"&TEXT(MONTH(J11),"00")&"_"&TEXT(DAY(J11),"00") -> 2026_08_13 | Z11: =YEAR(K11)&"_"&TEXT(MONTH(K11),"00")&"_"&TEXT(DAY(K11),"00") -> 2026_09_10 | AA11: =YEAR(L11)&"_"&TEXT(MONTH(L11),"00")&"_"&TEXT(DAY(L11),"00") -> 2026_10_08 | AB11: =YEAR(M11)&"_"&TEXT(MONTH(M11),"00")&"_"&TEXT(DAY(M11),"00") -> 2026_11_12 | ... AF11: =YEAR(Q11)&"_"&TEXT(MONTH(Q11),"00")&"_"&TEXT(DAY(Q11),"00") -> 2027_03_11 | AJ11: FY27 | AK11: Fri | AL11: 46472 | AM11: =YEAR(AL11)&"_"&TEXT(MONTH(AL11),"00")&"_"&TEXT(DAY(AL11),"00") -> 2027_03_26
A12: 46304 | D12: FY27 | E12: =TEXT( F12, "ddd") -> Fri | F12: =F11+1 -> 46122 | G12: =G11+1 -> 46157 | H12: =H11+1 -> 46185 | I12: =I11+1 -> 46213 | J12: =J11+1 -> 46248 | K12: =K11+1 -> 46276 | L12: =L11+1 -> 46304 | M12: =M11+1 -> 46339 | ... Q12: =Q11+1 -> 46458 | U12: =YEAR(F12)&"_"&TEXT(MONTH(F12),"00")&"_"&TEXT(DAY(F12),"00") -> 2026_04_10 | V12: =YEAR(G12)&"_"&TEXT(MONTH(G12),"00")&"_"&TEXT(DAY(G12),"00") -> 2026_05_15 | W12: =YEAR(H12)&"_"&TEXT(MONTH(H12),"00")&"_"&TEXT(DAY(H12),"00") -> 2026_06_12 | X12: =YEAR(I12)&"_"&TEXT(MONTH(I12),"00")&"_"&TEXT(DAY(I12),"00") -> 2026_07_10 | Y12: =YEAR(J12)&"_"&TEXT(MONTH(J12),"00")&"_"&TEXT(DAY(J12),"00") -> 2026_08_14 | Z12: =YEAR(K12)&"_"&TEXT(MONTH(K12),"00")&"_"&TEXT(DAY(K12),"00") -> 2026_09_11 | AA12: =YEAR(L12)&"_"&TEXT(MONTH(L12),"00")&"_"&TEXT(DAY(L12),"00") -> 2026_10_09 | AB12: =YEAR(M12)&"_"&TEXT(MONTH(M12),"00")&"_"&TEXT(DAY(M12),"00") -> 2026_11_13 | ... AF12: =YEAR(Q12)&"_"&TEXT(MONTH(Q12),"00")&"_"&TEXT(DAY(Q12),"00") -> 2027_03_12
A13: 46307 | D13: FY27 | E13: =TEXT( F13, "ddd") -> Mon | F13: =F12+3 -> 46125 | G13: =G12+3 -> 46160 | H13: =H12+3 -> 46188 | I13: =I12+3 -> 46216 | J13: =J12+3 -> 46251 | K13: =K12+3 -> 46279 | L13: =L12+3 -> 46307 | M13: =M12+3 -> 46342 | ... Q13: =Q12+3 -> 46461 | U13: =YEAR(F13)&"_"&TEXT(MONTH(F13),"00")&"_"&TEXT(DAY(F13),"00") -> 2026_04_13 | V13: =YEAR(G13)&"_"&TEXT(MONTH(G13),"00")&"_"&TEXT(DAY(G13),"00") -> 2026_05_18 | W13: =YEAR(H13)&"_"&TEXT(MONTH(H13),"00")&"_"&TEXT(DAY(H13),"00") -> 2026_06_15 | X13: =YEAR(I13)&"_"&TEXT(MONTH(I13),"00")&"_"&TEXT(DAY(I13),"00") -> 2026_07_13 | Y13: =YEAR(J13)&"_"&TEXT(MONTH(J13),"00")&"_"&TEXT(DAY(J13),"00") -> 2026_08_17 | Z13: =YEAR(K13)&"_"&TEXT(MONTH(K13),"00")&"_"&TEXT(DAY(K13),"00") -> 2026_09_14 | AA13: =YEAR(L13)&"_"&TEXT(MONTH(L13),"00")&"_"&TEXT(DAY(L13),"00") -> 2026_10_12 | AB13: =YEAR(M13)&"_"&TEXT(MONTH(M13),"00")&"_"&TEXT(DAY(M13),"00") -> 2026_11_16 | ... AF13: =YEAR(Q13)&"_"&TEXT(MONTH(Q13),"00")&"_"&TEXT(DAY(Q13),"00") -> 2027_03_15 | AJ13: FY28 | AK13: Mon | AL13: 46475 | AM13: =YEAR(AL13)&"_"&TEXT(MONTH(AL13),"00")&"_"&TEXT(DAY(AL13),"00") -> 2027_03_29
A14: 46308 | D14: FY27 | E14: =TEXT( F14, "ddd") -> Tue | F14: =F13+1 -> 46126 | G14: =G13+1 -> 46161 | H14: =H13+1 -> 46189 | I14: =I13+1 -> 46217 | J14: =J13+1 -> 46252 | K14: =K13+1 -> 46280 | L14: =L13+1 -> 46308 | M14: =M13+1 -> 46343 | ... Q14: =Q13+1 -> 46462 | U14: =YEAR(F14)&"_"&TEXT(MONTH(F14),"00")&"_"&TEXT(DAY(F14),"00") -> 2026_04_14 | V14: =YEAR(G14)&"_"&TEXT(MONTH(G14),"00")&"_"&TEXT(DAY(G14),"00") -> 2026_05_19 | W14: =YEAR(H14)&"_"&TEXT(MONTH(H14),"00")&"_"&TEXT(DAY(H14),"00") -> 2026_06_16 | X14: =YEAR(I14)&"_"&TEXT(MONTH(I14),"00")&"_"&TEXT(DAY(I14),"00") -> 2026_07_14 | Y14: =YEAR(J14)&"_"&TEXT(MONTH(J14),"00")&"_"&TEXT(DAY(J14),"00") -> 2026_08_18 | Z14: =YEAR(K14)&"_"&TEXT(MONTH(K14),"00")&"_"&TEXT(DAY(K14),"00") -> 2026_09_15 | AA14: =YEAR(L14)&"_"&TEXT(MONTH(L14),"00")&"_"&TEXT(DAY(L14),"00") -> 2026_10_13 | AB14: =YEAR(M14)&"_"&TEXT(MONTH(M14),"00")&"_"&TEXT(DAY(M14),"00") -> 2026_11_17 | ... AF14: =YEAR(Q14)&"_"&TEXT(MONTH(Q14),"00")&"_"&TEXT(DAY(Q14),"00") -> 2027_03_16 | AJ14: FY28 | AK14: Mon | AL14: 46510 | AM14: =YEAR(AL14)&"_"&TEXT(MONTH(AL14),"00")&"_"&TEXT(DAY(AL14),"00") -> 2027_05_03
A15: 46309 | D15: FY27 | E15: =TEXT( F15, "ddd") -> Wed | F15: =F14+1 -> 46127 | G15: =G14+1 -> 46162 | H15: =H14+1 -> 46190 | I15: =I14+1 -> 46218 | J15: =J14+1 -> 46253 | K15: =K14+1 -> 46281 | L15: =L14+1 -> 46309 | M15: =M14+1 -> 46344 | ... Q15: =Q14+1 -> 46463 | U15: =YEAR(F15)&"_"&TEXT(MONTH(F15),"00")&"_"&TEXT(DAY(F15),"00") -> 2026_04_15 | V15: =YEAR(G15)&"_"&TEXT(MONTH(G15),"00")&"_"&TEXT(DAY(G15),"00") -> 2026_05_20 | W15: =YEAR(H15)&"_"&TEXT(MONTH(H15),"00")&"_"&TEXT(DAY(H15),"00") -> 2026_06_17 | X15: =YEAR(I15)&"_"&TEXT(MONTH(I15),"00")&"_"&TEXT(DAY(I15),"00") -> 2026_07_15 | Y15: =YEAR(J15)&"_"&TEXT(MONTH(J15),"00")&"_"&TEXT(DAY(J15),"00") -> 2026_08_19 | Z15: =YEAR(K15)&"_"&TEXT(MONTH(K15),"00")&"_"&TEXT(DAY(K15),"00") -> 2026_09_16 | AA15: =YEAR(L15)&"_"&TEXT(MONTH(L15),"00")&"_"&TEXT(DAY(L15),"00") -> 2026_10_14 | AB15: =YEAR(M15)&"_"&TEXT(MONTH(M15),"00")&"_"&TEXT(DAY(M15),"00") -> 2026_11_18 | ... AF15: =YEAR(Q15)&"_"&TEXT(MONTH(Q15),"00")&"_"&TEXT(DAY(Q15),"00") -> 2027_03_17 | AJ15: FY28 | AK15: Mon | AL15: 46538 | AM15: =YEAR(AL15)&"_"&TEXT(MONTH(AL15),"00")&"_"&TEXT(DAY(AL15),"00") -> 2027_05_31
A16: 46310 | D16: FY27 | E16: =TEXT( F16, "ddd") -> Thu | F16: =F15+1 -> 46128 | G16: =G15+1 -> 46163 | H16: =H15+1 -> 46191 | I16: =I15+1 -> 46219 | J16: =J15+1 -> 46254 | K16: =K15+1 -> 46282 | L16: =L15+1 -> 46310 | M16: =M15+1 -> 46345 | ... Q16: =Q15+1 -> 46464 | U16: =YEAR(F16)&"_"&TEXT(MONTH(F16),"00")&"_"&TEXT(DAY(F16),"00") -> 2026_04_16 | V16: =YEAR(G16)&"_"&TEXT(MONTH(G16),"00")&"_"&TEXT(DAY(G16),"00") -> 2026_05_21 | W16: =YEAR(H16)&"_"&TEXT(MONTH(H16),"00")&"_"&TEXT(DAY(H16),"00") -> 2026_06_18 | X16: =YEAR(I16)&"_"&TEXT(MONTH(I16),"00")&"_"&TEXT(DAY(I16),"00") -> 2026_07_16 | Y16: =YEAR(J16)&"_"&TEXT(MONTH(J16),"00")&"_"&TEXT(DAY(J16),"00") -> 2026_08_20 | Z16: =YEAR(K16)&"_"&TEXT(MONTH(K16),"00")&"_"&TEXT(DAY(K16),"00") -> 2026_09_17 | AA16: =YEAR(L16)&"_"&TEXT(MONTH(L16),"00")&"_"&TEXT(DAY(L16),"00") -> 2026_10_15 | AB16: =YEAR(M16)&"_"&TEXT(MONTH(M16),"00")&"_"&TEXT(DAY(M16),"00") -> 2026_11_19 | ... AF16: =YEAR(Q16)&"_"&TEXT(MONTH(Q16),"00")&"_"&TEXT(DAY(Q16),"00") -> 2027_03_18 | AJ16: FY28 | AK16: Mon | AL16: 46629 | AM16: =YEAR(AL16)&"_"&TEXT(MONTH(AL16),"00")&"_"&TEXT(DAY(AL16),"00") -> 2027_08_30
A17: 46311 | D17: FY27 | E17: =TEXT( F17, "ddd") -> Fri | F17: =F16+1 -> 46129 | G17: =G16+1 -> 46164 | H17: =H16+1 -> 46192 | I17: =I16+1 -> 46220 | J17: =J16+1 -> 46255 | K17: =K16+1 -> 46283 | L17: =L16+1 -> 46311 | M17: =M16+1 -> 46346 | ... Q17: =Q16+1 -> 46465 | U17: =YEAR(F17)&"_"&TEXT(MONTH(F17),"00")&"_"&TEXT(DAY(F17),"00") -> 2026_04_17 | V17: =YEAR(G17)&"_"&TEXT(MONTH(G17),"00")&"_"&TEXT(DAY(G17),"00") -> 2026_05_22 | W17: =YEAR(H17)&"_"&TEXT(MONTH(H17),"00")&"_"&TEXT(DAY(H17),"00") -> 2026_06_19 | X17: =YEAR(I17)&"_"&TEXT(MONTH(I17),"00")&"_"&TEXT(DAY(I17),"00") -> 2026_07_17 | Y17: =YEAR(J17)&"_"&TEXT(MONTH(J17),"00")&"_"&TEXT(DAY(J17),"00") -> 2026_08_21 | Z17: =YEAR(K17)&"_"&TEXT(MONTH(K17),"00")&"_"&TEXT(DAY(K17),"00") -> 2026_09_18 | AA17: =YEAR(L17)&"_"&TEXT(MONTH(L17),"00")&"_"&TEXT(DAY(L17),"00") -> 2026_10_16 | AB17: =YEAR(M17)&"_"&TEXT(MONTH(M17),"00")&"_"&TEXT(DAY(M17),"00") -> 2026_11_20 | ... AF17: =YEAR(Q17)&"_"&TEXT(MONTH(Q17),"00")&"_"&TEXT(DAY(Q17),"00") -> 2027_03_19 | AJ17: FY28 | AK17: Mon | AL17: 46748 | AM17: =YEAR(AL17)&"_"&TEXT(MONTH(AL17),"00")&"_"&TEXT(DAY(AL17),"00") -> 2027_12_27
A18: 46314 | D18: FY27 | E18: =TEXT( F18, "ddd") -> Mon | F18: =F17+3 -> 46132 | G18: =G17+3 -> 46167 | H18: =H17+3 -> 46195 | I18: =I17+3 -> 46223 | J18: =J17+3 -> 46258 | K18: =K17+3 -> 46286 | L18: =L17+3 -> 46314 | M18: =M17+3 -> 46349 | ... Q18: =Q17+3 -> 46468 | U18: =YEAR(F18)&"_"&TEXT(MONTH(F18),"00")&"_"&TEXT(DAY(F18),"00") -> 2026_04_20 | V18: =YEAR(G18)&"_"&TEXT(MONTH(G18),"00")&"_"&TEXT(DAY(G18),"00") -> 2026_05_25 | W18: =YEAR(H18)&"_"&TEXT(MONTH(H18),"00")&"_"&TEXT(DAY(H18),"00") -> 2026_06_22 | X18: =YEAR(I18)&"_"&TEXT(MONTH(I18),"00")&"_"&TEXT(DAY(I18),"00") -> 2026_07_20 | Y18: =YEAR(J18)&"_"&TEXT(MONTH(J18),"00")&"_"&TEXT(DAY(J18),"00") -> 2026_08_24 | Z18: =YEAR(K18)&"_"&TEXT(MONTH(K18),"00")&"_"&TEXT(DAY(K18),"00") -> 2026_09_21 | AA18: =YEAR(L18)&"_"&TEXT(MONTH(L18),"00")&"_"&TEXT(DAY(L18),"00") -> 2026_10_19 | AB18: =YEAR(M18)&"_"&TEXT(MONTH(M18),"00")&"_"&TEXT(DAY(M18),"00") -> 2026_11_23 | ... AF18: =YEAR(Q18)&"_"&TEXT(MONTH(Q18),"00")&"_"&TEXT(DAY(Q18),"00") -> 2027_03_22 | AJ18: FY28 | AK18: Tue | AL18: 46749 | AM18: =YEAR(AL18)&"_"&TEXT(MONTH(AL18),"00")&"_"&TEXT(DAY(AL18),"00") -> 2027_12_28
A19: 46315 | D19: FY27 | E19: =TEXT( F19, "ddd") -> Tue | F19: =F18+1 -> 46133 | G19: =G18+1 -> 46168 | H19: =H18+1 -> 46196 | I19: =I18+1 -> 46224 | J19: =J18+1 -> 46259 | K19: =K18+1 -> 46287 | L19: =L18+1 -> 46315 | M19: =M18+1 -> 46350 | ... Q19: =Q18+1 -> 46469 | U19: =YEAR(F19)&"_"&TEXT(MONTH(F19),"00")&"_"&TEXT(DAY(F19),"00") -> 2026_04_21 | V19: =YEAR(G19)&"_"&TEXT(MONTH(G19),"00")&"_"&TEXT(DAY(G19),"00") -> 2026_05_26 | W19: =YEAR(H19)&"_"&TEXT(MONTH(H19),"00")&"_"&TEXT(DAY(H19),"00") -> 2026_06_23 | X19: =YEAR(I19)&"_"&TEXT(MONTH(I19),"00")&"_"&TEXT(DAY(I19),"00") -> 2026_07_21 | Y19: =YEAR(J19)&"_"&TEXT(MONTH(J19),"00")&"_"&TEXT(DAY(J19),"00") -> 2026_08_25 | Z19: =YEAR(K19)&"_"&TEXT(MONTH(K19),"00")&"_"&TEXT(DAY(K19),"00") -> 2026_09_22 | AA19: =YEAR(L19)&"_"&TEXT(MONTH(L19),"00")&"_"&TEXT(DAY(L19),"00") -> 2026_10_20 | AB19: =YEAR(M19)&"_"&TEXT(MONTH(M19),"00")&"_"&TEXT(DAY(M19),"00") -> 2026_11_24 | ... AF19: =YEAR(Q19)&"_"&TEXT(MONTH(Q19),"00")&"_"&TEXT(DAY(Q19),"00") -> 2027_03_23 | AJ19: FY28 | AK19: Mon | AL19: 46755 | AM19: =YEAR(AL19)&"_"&TEXT(MONTH(AL19),"00")&"_"&TEXT(DAY(AL19),"00") -> 2028_01_03
A20: 46316 | D20: FY27 | E20: =TEXT( F20, "ddd") -> Wed | F20: =F19+1 -> 46134 | G20: =G19+1 -> 46169 | H20: =H19+1 -> 46197 | I20: =I19+1 -> 46225 | J20: =J19+1 -> 46260 | K20: =K19+1 -> 46288 | L20: =L19+1 -> 46316 | M20: =M19+1 -> 46351 | ... Q20: =Q19+1 -> 46470 | U20: =YEAR(F20)&"_"&TEXT(MONTH(F20),"00")&"_"&TEXT(DAY(F20),"00") -> 2026_04_22 | V20: =YEAR(G20)&"_"&TEXT(MONTH(G20),"00")&"_"&TEXT(DAY(G20),"00") -> 2026_05_27 | W20: =YEAR(H20)&"_"&TEXT(MONTH(H20),"00")&"_"&TEXT(DAY(H20),"00") -> 2026_06_24 | X20: =YEAR(I20)&"_"&TEXT(MONTH(I20),"00")&"_"&TEXT(DAY(I20),"00") -> 2026_07_22 | Y20: =YEAR(J20)&"_"&TEXT(MONTH(J20),"00")&"_"&TEXT(DAY(J20),"00") -> 2026_08_26 | Z20: =YEAR(K20)&"_"&TEXT(MONTH(K20),"00")&"_"&TEXT(DAY(K20),"00") -> 2026_09_23 | AA20: =YEAR(L20)&"_"&TEXT(MONTH(L20),"00")&"_"&TEXT(DAY(L20),"00") -> 2026_10_21 | AB20: =YEAR(M20)&"_"&TEXT(MONTH(M20),"00")&"_"&TEXT(DAY(M20),"00") -> 2026_11_25 | ... AF20: =YEAR(Q20)&"_"&TEXT(MONTH(Q20),"00")&"_"&TEXT(DAY(Q20),"00") -> 2027_03_24
A21: 46317 | D21: FY27 | E21: =TEXT( F21, "ddd") -> Thu | F21: =F20+1 -> 46135 | G21: =G20+1 -> 46170 | H21: =H20+1 -> 46198 | I21: =I20+1 -> 46226 | J21: =J20+1 -> 46261 | K21: =K20+1 -> 46289 | L21: =L20+1 -> 46317 | M21: =M20+1 -> 46352 | ... Q21: =Q20+1 -> 46471 | U21: =YEAR(F21)&"_"&TEXT(MONTH(F21),"00")&"_"&TEXT(DAY(F21),"00") -> 2026_04_23 | V21: =YEAR(G21)&"_"&TEXT(MONTH(G21),"00")&"_"&TEXT(DAY(G21),"00") -> 2026_05_28 | W21: =YEAR(H21)&"_"&TEXT(MONTH(H21),"00")&"_"&TEXT(DAY(H21),"00") -> 2026_06_25 | X21: =YEAR(I21)&"_"&TEXT(MONTH(I21),"00")&"_"&TEXT(DAY(I21),"00") -> 2026_07_23 | Y21: =YEAR(J21)&"_"&TEXT(MONTH(J21),"00")&"_"&TEXT(DAY(J21),"00") -> 2026_08_27 | Z21: =YEAR(K21)&"_"&TEXT(MONTH(K21),"00")&"_"&TEXT(DAY(K21),"00") -> 2026_09_24 | AA21: =YEAR(L21)&"_"&TEXT(MONTH(L21),"00")&"_"&TEXT(DAY(L21),"00") -> 2026_10_22 | AB21: =YEAR(M21)&"_"&TEXT(MONTH(M21),"00")&"_"&TEXT(DAY(M21),"00") -> 2026_11_26 | ... AF21: =YEAR(Q21)&"_"&TEXT(MONTH(Q21),"00")&"_"&TEXT(DAY(Q21),"00") -> 2027_03_25 | AJ21: FY29 | AK21: Fri | AL21: 46857 | AM21: =YEAR(AL21)&"_"&TEXT(MONTH(AL21),"00")&"_"&TEXT(DAY(AL21),"00") -> 2028_04_14
A22: 46318 | D22: FY27 | E22: =TEXT( F22, "ddd") -> Fri | F22: =F21+1 -> 46136 | G22: =G21+1 -> 46171 | H22: =H21+1 -> 46199 | I22: =I21+1 -> 46227 | J22: =J21+1 -> 46262 | K22: =K21+1 -> 46290 | L22: =L21+1 -> 46318 | M22: =M21+1 -> 46353 | ... Q22: =Q21+1 -> 46472 | U22: =YEAR(F22)&"_"&TEXT(MONTH(F22),"00")&"_"&TEXT(DAY(F22),"00") -> 2026_04_24 | V22: =YEAR(G22)&"_"&TEXT(MONTH(G22),"00")&"_"&TEXT(DAY(G22),"00") -> 2026_05_29 | W22: =YEAR(H22)&"_"&TEXT(MONTH(H22),"00")&"_"&TEXT(DAY(H22),"00") -> 2026_06_26 | X22: =YEAR(I22)&"_"&TEXT(MONTH(I22),"00")&"_"&TEXT(DAY(I22),"00") -> 2026_07_24 | Y22: =YEAR(J22)&"_"&TEXT(MONTH(J22),"00")&"_"&TEXT(DAY(J22),"00") -> 2026_08_28 | Z22: =YEAR(K22)&"_"&TEXT(MONTH(K22),"00")&"_"&TEXT(DAY(K22),"00") -> 2026_09_25 | AA22: =YEAR(L22)&"_"&TEXT(MONTH(L22),"00")&"_"&TEXT(DAY(L22),"00") -> 2026_10_23 | AB22: =YEAR(M22)&"_"&TEXT(MONTH(M22),"00")&"_"&TEXT(DAY(M22),"00") -> 2026_11_27 | ... AF22: =YEAR(Q22)&"_"&TEXT(MONTH(Q22),"00")&"_"&TEXT(DAY(Q22),"00") -> 2027_03_26 | AJ22: FY29 | AK22: Mon | AL22: 46860 | AM22: =YEAR(AL22)&"_"&TEXT(MONTH(AL22),"00")&"_"&TEXT(DAY(AL22),"00") -> 2028_04_17
A23: 46321 | D23: FY27 | E23: =TEXT( F23, "ddd") -> Mon | F23: =F22+3 -> 46139 | I23: =I22+3 -> 46230 | L23: =L22+3 -> 46321 | O23: =O22+3 -> 46412 | U23: =YEAR(F23)&"_"&TEXT(MONTH(F23),"00")&"_"&TEXT(DAY(F23),"00") -> 2026_04_27 | X23: =YEAR(I23)&"_"&TEXT(MONTH(I23),"00")&"_"&TEXT(DAY(I23),"00") -> 2026_07_27 | AA23: =YEAR(L23)&"_"&TEXT(MONTH(L23),"00")&"_"&TEXT(DAY(L23),"00") -> 2026_10_26 | AD23: =YEAR(O23)&"_"&TEXT(MONTH(O23),"00")&"_"&TEXT(DAY(O23),"00") -> 2027_01_25 | AJ23: FY29 | AK23: Mon | AL23: 46874 | AM23: =YEAR(AL23)&"_"&TEXT(MONTH(AL23),"00")&"_"&TEXT(DAY(AL23),"00") -> 2028_05_01
A24: 46322 | D24: FY27 | E24: =TEXT( F24, "ddd") -> Tue | F24: =F23+1 -> 46140 | I24: =I23+1 -> 46231 | L24: =L23+1 -> 46322 | O24: =O23+1 -> 46413 | U24: =YEAR(F24)&"_"&TEXT(MONTH(F24),"00")&"_"&TEXT(DAY(F24),"00") -> 2026_04_28 | X24: =YEAR(I24)&"_"&TEXT(MONTH(I24),"00")&"_"&TEXT(DAY(I24),"00") -> 2026_07_28 | AA24: =YEAR(L24)&"_"&TEXT(MONTH(L24),"00")&"_"&TEXT(DAY(L24),"00") -> 2026_10_27 | AD24: =YEAR(O24)&"_"&TEXT(MONTH(O24),"00")&"_"&TEXT(DAY(O24),"00") -> 2027_01_26 | AJ24: FY29 | AK24: Mon | AL24: 46902 | AM24: =YEAR(AL24)&"_"&TEXT(MONTH(AL24),"00")&"_"&TEXT(DAY(AL24),"00") -> 2028_05_29
A25: 46323 | D25: FY27 | E25: =TEXT( F25, "ddd") -> Wed | F25: =F24+1 -> 46141 | I25: =I24+1 -> 46232 | L25: =L24+1 -> 46323 | O25: =O24+1 -> 46414 | U25: =YEAR(F25)&"_"&TEXT(MONTH(F25),"00")&"_"&TEXT(DAY(F25),"00") -> 2026_04_29 | X25: =YEAR(I25)&"_"&TEXT(MONTH(I25),"00")&"_"&TEXT(DAY(I25),"00") -> 2026_07_29 | AA25: =YEAR(L25)&"_"&TEXT(MONTH(L25),"00")&"_"&TEXT(DAY(L25),"00") -> 2026_10_28 | AD25: =YEAR(O25)&"_"&TEXT(MONTH(O25),"00")&"_"&TEXT(DAY(O25),"00") -> 2027_01_27 | AJ25: FY29 | AK25: Mon | AL25: 46993 | AM25: =YEAR(AL25)&"_"&TEXT(MONTH(AL25),"00")&"_"&TEXT(DAY(AL25),"00") -> 2028_08_28
A26: 46324 | D26: FY27 | E26: =TEXT( F26, "ddd") -> Thu | F26: =F25+1 -> 46142 | I26: =I25+1 -> 46233 | L26: =L25+1 -> 46324 | O26: =O25+1 -> 46415 | U26: =YEAR(F26)&"_"&TEXT(MONTH(F26),"00")&"_"&TEXT(DAY(F26),"00") -> 2026_04_30 | X26: =YEAR(I26)&"_"&TEXT(MONTH(I26),"00")&"_"&TEXT(DAY(I26),"00") -> 2026_07_30 | AA26: =YEAR(L26)&"_"&TEXT(MONTH(L26),"00")&"_"&TEXT(DAY(L26),"00") -> 2026_10_29 | AD26: =YEAR(O26)&"_"&TEXT(MONTH(O26),"00")&"_"&TEXT(DAY(O26),"00") -> 2027_01_28 | AJ26: FY29 | AK26: Mon | AL26: 47112 | AM26: =YEAR(AL26)&"_"&TEXT(MONTH(AL26),"00")&"_"&TEXT(DAY(AL26),"00") -> 2028_12_25
A27: 46325 | D27: FY27 | E27: =TEXT( F27, "ddd") -> Fri | F27: =F26+1 -> 46143 | I27: =I26+1 -> 46234 | L27: =L26+1 -> 46325 | O27: =O26+1 -> 46416 | U27: =YEAR(F27)&"_"&TEXT(MONTH(F27),"00")&"_"&TEXT(DAY(F27),"00") -> 2026_05_01 | X27: =YEAR(I27)&"_"&TEXT(MONTH(I27),"00")&"_"&TEXT(DAY(I27),"00") -> 2026_07_31 | AA27: =YEAR(L27)&"_"&TEXT(MONTH(L27),"00")&"_"&TEXT(DAY(L27),"00") -> 2026_10_30 | AD27: =YEAR(O27)&"_"&TEXT(MONTH(O27),"00")&"_"&TEXT(DAY(O27),"00") -> 2027_01_29 | AJ27: FY29 | AK27: Tue | AL27: 47113 | AM27: =YEAR(AL27)&"_"&TEXT(MONTH(AL27),"00")&"_"&TEXT(DAY(AL27),"00") -> 2028_12_26
AJ28: FY29 | AK28: Mon | AL28: 47119 | AM28: =YEAR(AL28)&"_"&TEXT(MONTH(AL28),"00")&"_"&TEXT(DAY(AL28),"00") -> 2029_01_01
AJ29: FY29 | AK29: Fri | AL29: 47207 | AM29: =YEAR(AL29)&"_"&TEXT(MONTH(AL29),"00")&"_"&TEXT(DAY(AL29),"00") -> 2029_03_30
A30: Column1 | C30: FY28 | D30: FY28 | E30: =TEXT( F30, "ddd") -> Mon | F30: =Q22+3 -> 46475 | G30: =F54+3 -> 46510 | H30: =G49+3 -> 46538 | I30: =H49+3 -> 46566 | J30: =I54+3 -> 46601 | K30: =J49+3 -> 46629 | L30: =K49+3 -> 46657 | M30: =L54+3 -> 46692 | N30: =M49+3 -> 46720 | O30: =N49+3 -> 46748 | P30: =O54+3 -> 46783 | Q30: =P49+3 -> 46811 | U30: =YEAR(F30)&"_"&TEXT(MONTH(F30),"00")&"_"&TEXT(DAY(F30),"00") -> 2027_03_29 | V30: =YEAR(G30)&"_"&TEXT(MONTH(G30),"00")&"_"&TEXT(DAY(G30),"00") -> 2027_05_03 | W30: =YEAR(H30)&"_"&TEXT(MONTH(H30),"00")&"_"&TEXT(DAY(H30),"00") -> 2027_05_31 | X30: =YEAR(I30)&"_"&TEXT(MONTH(I30),"00")&"_"&TEXT(DAY(I30),"00") -> 2027_06_28 | Y30: =YEAR(J30)&"_"&TEXT(MONTH(J30),"00")&"_"&TEXT(DAY(J30),"00") -> 2027_08_02 | Z30: =YEAR(K30)&"_"&TEXT(MONTH(K30),"00")&"_"&TEXT(DAY(K30),"00") -> 2027_08_30 | AA30: =YEAR(L30)&"_"&TEXT(MONTH(L30),"00")&"_"&TEXT(DAY(L30),"00") -> 2027_09_27 | AB30: =YEAR(M30)&"_"&TEXT(MONTH(M30),"00")&"_"&TEXT(DAY(M30),"00") -> 2027_11_01 | ... AF30: =YEAR(Q30)&"_"&TEXT(MONTH(Q30),"00")&"_"&TEXT(DAY(Q30),"00") -> 2028_02_28
A31: ='Date picker'!C8 -> 46234 | D31: FY28 | E31: =TEXT( F31, "ddd") -> Tue | F31: =F30+1 -> 46476 | G31: =G30+1 -> 46511 | H31: =H30+1 -> 46539 | I31: =I30+1 -> 46567 | J31: =J30+1 -> 46602 | K31: =K30+1 -> 46630 | L31: =L30+1 -> 46658 | M31: =M30+1 -> 46693 | ... Q31: =Q30+1 -> 46812 | U31: =YEAR(F31)&"_"&TEXT(MONTH(F31),"00")&"_"&TEXT(DAY(F31),"00") -> 2027_03_30 | V31: =YEAR(G31)&"_"&TEXT(MONTH(G31),"00")&"_"&TEXT(DAY(G31),"00") -> 2027_05_04 | W31: =YEAR(H31)&"_"&TEXT(MONTH(H31),"00")&"_"&TEXT(DAY(H31),"00") -> 2027_06_01 | X31: =YEAR(I31)&"_"&TEXT(MONTH(I31),"00")&"_"&TEXT(DAY(I31),"00") -> 2027_06_29 | Y31: =YEAR(J31)&"_"&TEXT(MONTH(J31),"00")&"_"&TEXT(DAY(J31),"00") -> 2027_08_03 | Z31: =YEAR(K31)&"_"&TEXT(MONTH(K31),"00")&"_"&TEXT(DAY(K31),"00") -> 2027_08_31 | AA31: =YEAR(L31)&"_"&TEXT(MONTH(L31),"00")&"_"&TEXT(DAY(L31),"00") -> 2027_09_28 | AB31: =YEAR(M31)&"_"&TEXT(MONTH(M31),"00")&"_"&TEXT(DAY(M31),"00") -> 2027_11_02 | ... AF31: =YEAR(Q31)&"_"&TEXT(MONTH(Q31),"00")&"_"&TEXT(DAY(Q31),"00") -> 2028_02_29 | AJ31: FY30 | AK31: Mon | AL31: 47210 | AM31: =YEAR(AL31)&"_"&TEXT(MONTH(AL31),"00")&"_"&TEXT(DAY(AL31),"00") -> 2029_04_02
D32: FY28 | E32: =TEXT( F32, "ddd") -> Wed | F32: =F31+1 -> 46477 | G32: =G31+1 -> 46512 | H32: =H31+1 -> 46540 | I32: =I31+1 -> 46568 | J32: =J31+1 -> 46603 | K32: =K31+1 -> 46631 | L32: =L31+1 -> 46659 | M32: =M31+1 -> 46694 | ... Q32: =Q31+1 -> 46813 | U32: =YEAR(F32)&"_"&TEXT(MONTH(F32),"00")&"_"&TEXT(DAY(F32),"00") -> 2027_03_31 | V32: =YEAR(G32)&"_"&TEXT(MONTH(G32),"00")&"_"&TEXT(DAY(G32),"00") -> 2027_05_05 | W32: =YEAR(H32)&"_"&TEXT(MONTH(H32),"00")&"_"&TEXT(DAY(H32),"00") -> 2027_06_02 | X32: =YEAR(I32)&"_"&TEXT(MONTH(I32),"00")&"_"&TEXT(DAY(I32),"00") -> 2027_06_30 | Y32: =YEAR(J32)&"_"&TEXT(MONTH(J32),"00")&"_"&TEXT(DAY(J32),"00") -> 2027_08_04 | Z32: =YEAR(K32)&"_"&TEXT(MONTH(K32),"00")&"_"&TEXT(DAY(K32),"00") -> 2027_09_01 | AA32: =YEAR(L32)&"_"&TEXT(MONTH(L32),"00")&"_"&TEXT(DAY(L32),"00") -> 2027_09_29 | AB32: =YEAR(M32)&"_"&TEXT(MONTH(M32),"00")&"_"&TEXT(DAY(M32),"00") -> 2027_11_03 | ... AF32: =YEAR(Q32)&"_"&TEXT(MONTH(Q32),"00")&"_"&TEXT(DAY(Q32),"00") -> 2028_03_01 | AJ32: FY30 | AK32: Mon | AL32: 47245 | AM32: =YEAR(AL32)&"_"&TEXT(MONTH(AL32),"00")&"_"&TEXT(DAY(AL32),"00") -> 2029_05_07
D33: FY28 | E33: =TEXT( F33, "ddd") -> Thu | F33: =F32+1 -> 46478 | G33: =G32+1 -> 46513 | H33: =H32+1 -> 46541 | I33: =I32+1 -> 46569 | J33: =J32+1 -> 46604 | K33: =K32+1 -> 46632 | L33: =L32+1 -> 46660 | M33: =M32+1 -> 46695 | ... Q33: =Q32+1 -> 46814 | U33: =YEAR(F33)&"_"&TEXT(MONTH(F33),"00")&"_"&TEXT(DAY(F33),"00") -> 2027_04_01 | V33: =YEAR(G33)&"_"&TEXT(MONTH(G33),"00")&"_"&TEXT(DAY(G33),"00") -> 2027_05_06 | W33: =YEAR(H33)&"_"&TEXT(MONTH(H33),"00")&"_"&TEXT(DAY(H33),"00") -> 2027_06_03 | X33: =YEAR(I33)&"_"&TEXT(MONTH(I33),"00")&"_"&TEXT(DAY(I33),"00") -> 2027_07_01 | Y33: =YEAR(J33)&"_"&TEXT(MONTH(J33),"00")&"_"&TEXT(DAY(J33),"00") -> 2027_08_05 | Z33: =YEAR(K33)&"_"&TEXT(MONTH(K33),"00")&"_"&TEXT(DAY(K33),"00") -> 2027_09_02 | AA33: =YEAR(L33)&"_"&TEXT(MONTH(L33),"00")&"_"&TEXT(DAY(L33),"00") -> 2027_09_30 | AB33: =YEAR(M33)&"_"&TEXT(MONTH(M33),"00")&"_"&TEXT(DAY(M33),"00") -> 2027_11_04 | ... AF33: =YEAR(Q33)&"_"&TEXT(MONTH(Q33),"00")&"_"&TEXT(DAY(Q33),"00") -> 2028_03_02 | AJ33: FY30 | AK33: Mon | AL33: 47266 | AM33: =YEAR(AL33)&"_"&TEXT(MONTH(AL33),"00")&"_"&TEXT(DAY(AL33),"00") -> 2029_05_28
D34: FY28 | E34: =TEXT( F34, "ddd") -> Fri | F34: =F33+1 -> 46479 | G34: =G33+1 -> 46514 | H34: =H33+1 -> 46542 | I34: =I33+1 -> 46570 | J34: =J33+1 -> 46605 | K34: =K33+1 -> 46633 | L34: =L33+1 -> 46661 | M34: =M33+1 -> 46696 | ... Q34: =Q33+1 -> 46815 | U34: =YEAR(F34)&"_"&TEXT(MONTH(F34),"00")&"_"&TEXT(DAY(F34),"00") -> 2027_04_02 | V34: =YEAR(G34)&"_"&TEXT(MONTH(G34),"00")&"_"&TEXT(DAY(G34),"00") -> 2027_05_07 | W34: =YEAR(H34)&"_"&TEXT(MONTH(H34),"00")&"_"&TEXT(DAY(H34),"00") -> 2027_06_04 | X34: =YEAR(I34)&"_"&TEXT(MONTH(I34),"00")&"_"&TEXT(DAY(I34),"00") -> 2027_07_02 | Y34: =YEAR(J34)&"_"&TEXT(MONTH(J34),"00")&"_"&TEXT(DAY(J34),"00") -> 2027_08_06 | Z34: =YEAR(K34)&"_"&TEXT(MONTH(K34),"00")&"_"&TEXT(DAY(K34),"00") -> 2027_09_03 | AA34: =YEAR(L34)&"_"&TEXT(MONTH(L34),"00")&"_"&TEXT(DAY(L34),"00") -> 2027_10_01 | AB34: =YEAR(M34)&"_"&TEXT(MONTH(M34),"00")&"_"&TEXT(DAY(M34),"00") -> 2027_11_05 | ... AF34: =YEAR(Q34)&"_"&TEXT(MONTH(Q34),"00")&"_"&TEXT(DAY(Q34),"00") -> 2028_03_03 | AJ34: FY30 | AK34: Mon | AL34: 47357 | AM34: =YEAR(AL34)&"_"&TEXT(MONTH(AL34),"00")&"_"&TEXT(DAY(AL34),"00") -> 2029_08_27
D35: FY28 | E35: =TEXT( F35, "ddd") -> Mon | F35: =F34+3 -> 46482 | G35: =G34+3 -> 46517 | H35: =H34+3 -> 46545 | I35: =I34+3 -> 46573 | J35: =J34+3 -> 46608 | K35: =K34+3 -> 46636 | L35: =L34+3 -> 46664 | M35: =M34+3 -> 46699 | ... Q35: =Q34+3 -> 46818 | U35: =YEAR(F35)&"_"&TEXT(MONTH(F35),"00")&"_"&TEXT(DAY(F35),"00") -> 2027_04_05 | V35: =YEAR(G35)&"_"&TEXT(MONTH(G35),"00")&"_"&TEXT(DAY(G35),"00") -> 2027_05_10 | W35: =YEAR(H35)&"_"&TEXT(MONTH(H35),"00")&"_"&TEXT(DAY(H35),"00") -> 2027_06_07 | X35: =YEAR(I35)&"_"&TEXT(MONTH(I35),"00")&"_"&TEXT(DAY(I35),"00") -> 2027_07_05 | Y35: =YEAR(J35)&"_"&TEXT(MONTH(J35),"00")&"_"&TEXT(DAY(J35),"00") -> 2027_08_09 | Z35: =YEAR(K35)&"_"&TEXT(MONTH(K35),"00")&"_"&TEXT(DAY(K35),"00") -> 2027_09_06 | AA35: =YEAR(L35)&"_"&TEXT(MONTH(L35),"00")&"_"&TEXT(DAY(L35),"00") -> 2027_10_04 | AB35: =YEAR(M35)&"_"&TEXT(MONTH(M35),"00")&"_"&TEXT(DAY(M35),"00") -> 2027_11_08 | ... AF35: =YEAR(Q35)&"_"&TEXT(MONTH(Q35),"00")&"_"&TEXT(DAY(Q35),"00") -> 2028_03_06 | AJ35: FY30 | AK35: Tue | AL35: 47477 | AM35: =YEAR(AL35)&"_"&TEXT(MONTH(AL35),"00")&"_"&TEXT(DAY(AL35),"00") -> 2029_12_25
D36: FY28 | E36: =TEXT( F36, "ddd") -> Tue | F36: =F35+1 -> 46483 | G36: =G35+1 -> 46518 | H36: =H35+1 -> 46546 | I36: =I35+1 -> 46574 | J36: =J35+1 -> 46609 | K36: =K35+1 -> 46637 | L36: =L35+1 -> 46665 | M36: =M35+1 -> 46700 | ... Q36: =Q35+1 -> 46819 | U36: =YEAR(F36)&"_"&TEXT(MONTH(F36),"00")&"_"&TEXT(DAY(F36),"00") -> 2027_04_06 | V36: =YEAR(G36)&"_"&TEXT(MONTH(G36),"00")&"_"&TEXT(DAY(G36),"00") -> 2027_05_11 | W36: =YEAR(H36)&"_"&TEXT(MONTH(H36),"00")&"_"&TEXT(DAY(H36),"00") -> 2027_06_08 | X36: =YEAR(I36)&"_"&TEXT(MONTH(I36),"00")&"_"&TEXT(DAY(I36),"00") -> 2027_07_06 | Y36: =YEAR(J36)&"_"&TEXT(MONTH(J36),"00")&"_"&TEXT(DAY(J36),"00") -> 2027_08_10 | Z36: =YEAR(K36)&"_"&TEXT(MONTH(K36),"00")&"_"&TEXT(DAY(K36),"00") -> 2027_09_07 | AA36: =YEAR(L36)&"_"&TEXT(MONTH(L36),"00")&"_"&TEXT(DAY(L36),"00") -> 2027_10_05 | AB36: =YEAR(M36)&"_"&TEXT(MONTH(M36),"00")&"_"&TEXT(DAY(M36),"00") -> 2027_11_09 | ... AF36: =YEAR(Q36)&"_"&TEXT(MONTH(Q36),"00")&"_"&TEXT(DAY(Q36),"00") -> 2028_03_07 | AJ36: FY30 | AK36: Wed | AL36: 47478 | AM36: =YEAR(AL36)&"_"&TEXT(MONTH(AL36),"00")&"_"&TEXT(DAY(AL36),"00") -> 2029_12_26
D37: FY28 | E37: =TEXT( F37, "ddd") -> Wed | F37: =F36+1 -> 46484 | G37: =G36+1 -> 46519 | H37: =H36+1 -> 46547 | I37: =I36+1 -> 46575 | J37: =J36+1 -> 46610 | K37: =K36+1 -> 46638 | L37: =L36+1 -> 46666 | M37: =M36+1 -> 46701 | ... Q37: =Q36+1 -> 46820 | U37: =YEAR(F37)&"_"&TEXT(MONTH(F37),"00")&"_"&TEXT(DAY(F37),"00") -> 2027_04_07 | V37: =YEAR(G37)&"_"&TEXT(MONTH(G37),"00")&"_"&TEXT(DAY(G37),"00") -> 2027_05_12 | W37: =YEAR(H37)&"_"&TEXT(MONTH(H37),"00")&"_"&TEXT(DAY(H37),"00") -> 2027_06_09 | X37: =YEAR(I37)&"_"&TEXT(MONTH(I37),"00")&"_"&TEXT(DAY(I37),"00") -> 2027_07_07 | Y37: =YEAR(J37)&"_"&TEXT(MONTH(J37),"00")&"_"&TEXT(DAY(J37),"00") -> 2027_08_11 | Z37: =YEAR(K37)&"_"&TEXT(MONTH(K37),"00")&"_"&TEXT(DAY(K37),"00") -> 2027_09_08 | AA37: =YEAR(L37)&"_"&TEXT(MONTH(L37),"00")&"_"&TEXT(DAY(L37),"00") -> 2027_10_06 | AB37: =YEAR(M37)&"_"&TEXT(MONTH(M37),"00")&"_"&TEXT(DAY(M37),"00") -> 2027_11_10 | ... AF37: =YEAR(Q37)&"_"&TEXT(MONTH(Q37),"00")&"_"&TEXT(DAY(Q37),"00") -> 2028_03_08 | AJ37: FY30 | AK37: Tue | AL37: 47484 | AM37: =YEAR(AL37)&"_"&TEXT(MONTH(AL37),"00")&"_"&TEXT(DAY(AL37),"00") -> 2030_01_01
D38: FY28 | E38: =TEXT( F38, "ddd") -> Thu | F38: =F37+1 -> 46485 | G38: =G37+1 -> 46520 | H38: =H37+1 -> 46548 | I38: =I37+1 -> 46576 | J38: =J37+1 -> 46611 | K38: =K37+1 -> 46639 | L38: =L37+1 -> 46667 | M38: =M37+1 -> 46702 | ... Q38: =Q37+1 -> 46821 | U38: =YEAR(F38)&"_"&TEXT(MONTH(F38),"00")&"_"&TEXT(DAY(F38),"00") -> 2027_04_08 | V38: =YEAR(G38)&"_"&TEXT(MONTH(G38),"00")&"_"&TEXT(DAY(G38),"00") -> 2027_05_13 | W38: =YEAR(H38)&"_"&TEXT(MONTH(H38),"00")&"_"&TEXT(DAY(H38),"00") -> 2027_06_10 | X38: =YEAR(I38)&"_"&TEXT(MONTH(I38),"00")&"_"&TEXT(DAY(I38),"00") -> 2027_07_08 | Y38: =YEAR(J38)&"_"&TEXT(MONTH(J38),"00")&"_"&TEXT(DAY(J38),"00") -> 2027_08_12 | Z38: =YEAR(K38)&"_"&TEXT(MONTH(K38),"00")&"_"&TEXT(DAY(K38),"00") -> 2027_09_09 | AA38: =YEAR(L38)&"_"&TEXT(MONTH(L38),"00")&"_"&TEXT(DAY(L38),"00") -> 2027_10_07 | AB38: =YEAR(M38)&"_"&TEXT(MONTH(M38),"00")&"_"&TEXT(DAY(M38),"00") -> 2027_11_11 | ... AF38: =YEAR(Q38)&"_"&TEXT(MONTH(Q38),"00")&"_"&TEXT(DAY(Q38),"00") -> 2028_03_09
D39: FY28 | E39: =TEXT( F39, "ddd") -> Fri | F39: =F38+1 -> 46486 | G39: =G38+1 -> 46521 | H39: =H38+1 -> 46549 | I39: =I38+1 -> 46577 | J39: =J38+1 -> 46612 | K39: =K38+1 -> 46640 | L39: =L38+1 -> 46668 | M39: =M38+1 -> 46703 | ... Q39: =Q38+1 -> 46822 | U39: =YEAR(F39)&"_"&TEXT(MONTH(F39),"00")&"_"&TEXT(DAY(F39),"00") -> 2027_04_09 | V39: =YEAR(G39)&"_"&TEXT(MONTH(G39),"00")&"_"&TEXT(DAY(G39),"00") -> 2027_05_14 | W39: =YEAR(H39)&"_"&TEXT(MONTH(H39),"00")&"_"&TEXT(DAY(H39),"00") -> 2027_06_11 | X39: =YEAR(I39)&"_"&TEXT(MONTH(I39),"00")&"_"&TEXT(DAY(I39),"00") -> 2027_07_09 | Y39: =YEAR(J39)&"_"&TEXT(MONTH(J39),"00")&"_"&TEXT(DAY(J39),"00") -> 2027_08_13 | Z39: =YEAR(K39)&"_"&TEXT(MONTH(K39),"00")&"_"&TEXT(DAY(K39),"00") -> 2027_09_10 | AA39: =YEAR(L39)&"_"&TEXT(MONTH(L39),"00")&"_"&TEXT(DAY(L39),"00") -> 2027_10_08 | AB39: =YEAR(M39)&"_"&TEXT(MONTH(M39),"00")&"_"&TEXT(DAY(M39),"00") -> 2027_11_12 | ... AF39: =YEAR(Q39)&"_"&TEXT(MONTH(Q39),"00")&"_"&TEXT(DAY(Q39),"00") -> 2028_03_10 | AJ39: FY31 | AK39: Fri | AL39: 47592 | AM39: =YEAR(AL39)&"_"&TEXT(MONTH(AL39),"00")&"_"&TEXT(DAY(AL39),"00") -> 2030_04_19
D40: FY28 | E40: =TEXT( F40, "ddd") -> Mon | F40: =F39+3 -> 46489 | G40: =G39+3 -> 46524 | H40: =H39+3 -> 46552 | I40: =I39+3 -> 46580 | J40: =J39+3 -> 46615 | K40: =K39+3 -> 46643 | L40: =L39+3 -> 46671 | M40: =M39+3 -> 46706 | ... Q40: =Q39+3 -> 46825 | U40: =YEAR(F40)&"_"&TEXT(MONTH(F40),"00")&"_"&TEXT(DAY(F40),"00") -> 2027_04_12 | V40: =YEAR(G40)&"_"&TEXT(MONTH(G40),"00")&"_"&TEXT(DAY(G40),"00") -> 2027_05_17 | W40: =YEAR(H40)&"_"&TEXT(MONTH(H40),"00")&"_"&TEXT(DAY(H40),"00") -> 2027_06_14 | X40: =YEAR(I40)&"_"&TEXT(MONTH(I40),"00")&"_"&TEXT(DAY(I40),"00") -> 2027_07_12 | Y40: =YEAR(J40)&"_"&TEXT(MONTH(J40),"00")&"_"&TEXT(DAY(J40),"00") -> 2027_08_16 | Z40: =YEAR(K40)&"_"&TEXT(MONTH(K40),"00")&"_"&TEXT(DAY(K40),"00") -> 2027_09_13 | AA40: =YEAR(L40)&"_"&TEXT(MONTH(L40),"00")&"_"&TEXT(DAY(L40),"00") -> 2027_10_11 | AB40: =YEAR(M40)&"_"&TEXT(MONTH(M40),"00")&"_"&TEXT(DAY(M40),"00") -> 2027_11_15 | ... AF40: =YEAR(Q40)&"_"&TEXT(MONTH(Q40),"00")&"_"&TEXT(DAY(Q40),"00") -> 2028_03_13 | AJ40: FY31 | AK40: Mon | AL40: 47595 | AM40: =YEAR(AL40)&"_"&TEXT(MONTH(AL40),"00")&"_"&TEXT(DAY(AL40),"00") -> 2030_04_22
D41: FY28 | E41: =TEXT( F41, "ddd") -> Tue | F41: =F40+1 -> 46490 | G41: =G40+1 -> 46525 | H41: =H40+1 -> 46553 | I41: =I40+1 -> 46581 | J41: =J40+1 -> 46616 | K41: =K40+1 -> 46644 | L41: =L40+1 -> 46672 | M41: =M40+1 -> 46707 | ... Q41: =Q40+1 -> 46826 | U41: =YEAR(F41)&"_"&TEXT(MONTH(F41),"00")&"_"&TEXT(DAY(F41),"00") -> 2027_04_13 | V41: =YEAR(G41)&"_"&TEXT(MONTH(G41),"00")&"_"&TEXT(DAY(G41),"00") -> 2027_05_18 | W41: =YEAR(H41)&"_"&TEXT(MONTH(H41),"00")&"_"&TEXT(DAY(H41),"00") -> 2027_06_15 | X41: =YEAR(I41)&"_"&TEXT(MONTH(I41),"00")&"_"&TEXT(DAY(I41),"00") -> 2027_07_13 | Y41: =YEAR(J41)&"_"&TEXT(MONTH(J41),"00")&"_"&TEXT(DAY(J41),"00") -> 2027_08_17 | Z41: =YEAR(K41)&"_"&TEXT(MONTH(K41),"00")&"_"&TEXT(DAY(K41),"00") -> 2027_09_14 | AA41: =YEAR(L41)&"_"&TEXT(MONTH(L41),"00")&"_"&TEXT(DAY(L41),"00") -> 2027_10_12 | AB41: =YEAR(M41)&"_"&TEXT(MONTH(M41),"00")&"_"&TEXT(DAY(M41),"00") -> 2027_11_16 | ... AF41: =YEAR(Q41)&"_"&TEXT(MONTH(Q41),"00")&"_"&TEXT(DAY(Q41),"00") -> 2028_03_14 | AJ41: FY31 | AK41: Mon | AL41: 47609 | AM41: =YEAR(AL41)&"_"&TEXT(MONTH(AL41),"00")&"_"&TEXT(DAY(AL41),"00") -> 2030_05_06
D42: FY28 | E42: =TEXT( F42, "ddd") -> Wed | F42: =F41+1 -> 46491 | G42: =G41+1 -> 46526 | H42: =H41+1 -> 46554 | I42: =I41+1 -> 46582 | J42: =J41+1 -> 46617 | K42: =K41+1 -> 46645 | L42: =L41+1 -> 46673 | M42: =M41+1 -> 46708 | ... Q42: =Q41+1 -> 46827 | U42: =YEAR(F42)&"_"&TEXT(MONTH(F42),"00")&"_"&TEXT(DAY(F42),"00") -> 2027_04_14 | V42: =YEAR(G42)&"_"&TEXT(MONTH(G42),"00")&"_"&TEXT(DAY(G42),"00") -> 2027_05_19 | W42: =YEAR(H42)&"_"&TEXT(MONTH(H42),"00")&"_"&TEXT(DAY(H42),"00") -> 2027_06_16 | X42: =YEAR(I42)&"_"&TEXT(MONTH(I42),"00")&"_"&TEXT(DAY(I42),"00") -> 2027_07_14 | Y42: =YEAR(J42)&"_"&TEXT(MONTH(J42),"00")&"_"&TEXT(DAY(J42),"00") -> 2027_08_18 | Z42: =YEAR(K42)&"_"&TEXT(MONTH(K42),"00")&"_"&TEXT(DAY(K42),"00") -> 2027_09_15 | AA42: =YEAR(L42)&"_"&TEXT(MONTH(L42),"00")&"_"&TEXT(DAY(L42),"00") -> 2027_10_13 | AB42: =YEAR(M42)&"_"&TEXT(MONTH(M42),"00")&"_"&TEXT(DAY(M42),"00") -> 2027_11_17 | ... AF42: =YEAR(Q42)&"_"&TEXT(MONTH(Q42),"00")&"_"&TEXT(DAY(Q42),"00") -> 2028_03_15 | AJ42: FY31 | AK42: Mon | AL42: 47630 | AM42: =YEAR(AL42)&"_"&TEXT(MONTH(AL42),"00")&"_"&TEXT(DAY(AL42),"00") -> 2030_05_27
D43: FY28 | E43: =TEXT( F43, "ddd") -> Thu | F43: =F42+1 -> 46492 | G43: =G42+1 -> 46527 | H43: =H42+1 -> 46555 | I43: =I42+1 -> 46583 | J43: =J42+1 -> 46618 | K43: =K42+1 -> 46646 | L43: =L42+1 -> 46674 | M43: =M42+1 -> 46709 | ... Q43: =Q42+1 -> 46828 | U43: =YEAR(F43)&"_"&TEXT(MONTH(F43),"00")&"_"&TEXT(DAY(F43),"00") -> 2027_04_15 | V43: =YEAR(G43)&"_"&TEXT(MONTH(G43),"00")&"_"&TEXT(DAY(G43),"00") -> 2027_05_20 | W43: =YEAR(H43)&"_"&TEXT(MONTH(H43),"00")&"_"&TEXT(DAY(H43),"00") -> 2027_06_17 | X43: =YEAR(I43)&"_"&TEXT(MONTH(I43),"00")&"_"&TEXT(DAY(I43),"00") -> 2027_07_15 | Y43: =YEAR(J43)&"_"&TEXT(MONTH(J43),"00")&"_"&TEXT(DAY(J43),"00") -> 2027_08_19 | Z43: =YEAR(K43)&"_"&TEXT(MONTH(K43),"00")&"_"&TEXT(DAY(K43),"00") -> 2027_09_16 | AA43: =YEAR(L43)&"_"&TEXT(MONTH(L43),"00")&"_"&TEXT(DAY(L43),"00") -> 2027_10_14 | AB43: =YEAR(M43)&"_"&TEXT(MONTH(M43),"00")&"_"&TEXT(DAY(M43),"00") -> 2027_11_18 | ... AF43: =YEAR(Q43)&"_"&TEXT(MONTH(Q43),"00")&"_"&TEXT(DAY(Q43),"00") -> 2028_03_16 | AJ43: FY31 | AK43: Mon | AL43: 47721 | AM43: =YEAR(AL43)&"_"&TEXT(MONTH(AL43),"00")&"_"&TEXT(DAY(AL43),"00") -> 2030_08_26
D44: FY28 | E44: =TEXT( F44, "ddd") -> Fri | F44: =F43+1 -> 46493 | G44: =G43+1 -> 46528 | H44: =H43+1 -> 46556 | I44: =I43+1 -> 46584 | J44: =J43+1 -> 46619 | K44: =K43+1 -> 46647 | L44: =L43+1 -> 46675 | M44: =M43+1 -> 46710 | ... Q44: =Q43+1 -> 46829 | U44: =YEAR(F44)&"_"&TEXT(MONTH(F44),"00")&"_"&TEXT(DAY(F44),"00") -> 2027_04_16 | V44: =YEAR(G44)&"_"&TEXT(MONTH(G44),"00")&"_"&TEXT(DAY(G44),"00") -> 2027_05_21 | W44: =YEAR(H44)&"_"&TEXT(MONTH(H44),"00")&"_"&TEXT(DAY(H44),"00") -> 2027_06_18 | X44: =YEAR(I44)&"_"&TEXT(MONTH(I44),"00")&"_"&TEXT(DAY(I44),"00") -> 2027_07_16 | Y44: =YEAR(J44)&"_"&TEXT(MONTH(J44),"00")&"_"&TEXT(DAY(J44),"00") -> 2027_08_20 | Z44: =YEAR(K44)&"_"&TEXT(MONTH(K44),"00")&"_"&TEXT(DAY(K44),"00") -> 2027_09_17 | AA44: =YEAR(L44)&"_"&TEXT(MONTH(L44),"00")&"_"&TEXT(DAY(L44),"00") -> 2027_10_15 | AB44: =YEAR(M44)&"_"&TEXT(MONTH(M44),"00")&"_"&TEXT(DAY(M44),"00") -> 2027_11_19 | ... AF44: =YEAR(Q44)&"_"&TEXT(MONTH(Q44),"00")&"_"&TEXT(DAY(Q44),"00") -> 2028_03_17 | AJ44: FY31 | AK44: Wed | AL44: 47842 | AM44: =YEAR(AL44)&"_"&TEXT(MONTH(AL44),"00")&"_"&TEXT(DAY(AL44),"00") -> 2030_12_25
D45: FY28 | E45: =TEXT( F45, "ddd") -> Mon | F45: =F44+3 -> 46496 | G45: =G44+3 -> 46531 | H45: =H44+3 -> 46559 | I45: =I44+3 -> 46587 | J45: =J44+3 -> 46622 | K45: =K44+3 -> 46650 | L45: =L44+3 -> 46678 | M45: =M44+3 -> 46713 | ... Q45: =Q44+3 -> 46832 | U45: =YEAR(F45)&"_"&TEXT(MONTH(F45),"00")&"_"&TEXT(DAY(F45),"00") -> 2027_04_19 | V45: =YEAR(G45)&"_"&TEXT(MONTH(G45),"00")&"_"&TEXT(DAY(G45),"00") -> 2027_05_24 | W45: =YEAR(H45)&"_"&TEXT(MONTH(H45),"00")&"_"&TEXT(DAY(H45),"00") -> 2027_06_21 | X45: =YEAR(I45)&"_"&TEXT(MONTH(I45),"00")&"_"&TEXT(DAY(I45),"00") -> 2027_07_19 | Y45: =YEAR(J45)&"_"&TEXT(MONTH(J45),"00")&"_"&TEXT(DAY(J45),"00") -> 2027_08_23 | Z45: =YEAR(K45)&"_"&TEXT(MONTH(K45),"00")&"_"&TEXT(DAY(K45),"00") -> 2027_09_20 | AA45: =YEAR(L45)&"_"&TEXT(MONTH(L45),"00")&"_"&TEXT(DAY(L45),"00") -> 2027_10_18 | AB45: =YEAR(M45)&"_"&TEXT(MONTH(M45),"00")&"_"&TEXT(DAY(M45),"00") -> 2027_11_22 | ... AF45: =YEAR(Q45)&"_"&TEXT(MONTH(Q45),"00")&"_"&TEXT(DAY(Q45),"00") -> 2028_03_20 | AJ45: FY31 | AK45: Thu | AL45: 47843 | AM45: =YEAR(AL45)&"_"&TEXT(MONTH(AL45),"00")&"_"&TEXT(DAY(AL45),"00") -> 2030_12_26
D46: FY28 | E46: =TEXT( F46, "ddd") -> Tue | F46: =F45+1 -> 46497 | G46: =G45+1 -> 46532 | H46: =H45+1 -> 46560 | I46: =I45+1 -> 46588 | J46: =J45+1 -> 46623 | K46: =K45+1 -> 46651 | L46: =L45+1 -> 46679 | M46: =M45+1 -> 46714 | ... Q46: =Q45+1 -> 46833 | U46: =YEAR(F46)&"_"&TEXT(MONTH(F46),"00")&"_"&TEXT(DAY(F46),"00") -> 2027_04_20 | V46: =YEAR(G46)&"_"&TEXT(MONTH(G46),"00")&"_"&TEXT(DAY(G46),"00") -> 2027_05_25 | W46: =YEAR(H46)&"_"&TEXT(MONTH(H46),"00")&"_"&TEXT(DAY(H46),"00") -> 2027_06_22 | X46: =YEAR(I46)&"_"&TEXT(MONTH(I46),"00")&"_"&TEXT(DAY(I46),"00") -> 2027_07_20 | Y46: =YEAR(J46)&"_"&TEXT(MONTH(J46),"00")&"_"&TEXT(DAY(J46),"00") -> 2027_08_24 | Z46: =YEAR(K46)&"_"&TEXT(MONTH(K46),"00")&"_"&TEXT(DAY(K46),"00") -> 2027_09_21 | AA46: =YEAR(L46)&"_"&TEXT(MONTH(L46),"00")&"_"&TEXT(DAY(L46),"00") -> 2027_10_19 | AB46: =YEAR(M46)&"_"&TEXT(MONTH(M46),"00")&"_"&TEXT(DAY(M46),"00") -> 2027_11_23 | ... AF46: =YEAR(Q46)&"_"&TEXT(MONTH(Q46),"00")&"_"&TEXT(DAY(Q46),"00") -> 2028_03_21
D47: FY28 | E47: =TEXT( F47, "ddd") -> Wed | F47: =F46+1 -> 46498 | G47: =G46+1 -> 46533 | H47: =H46+1 -> 46561 | I47: =I46+1 -> 46589 | J47: =J46+1 -> 46624 | K47: =K46+1 -> 46652 | L47: =L46+1 -> 46680 | M47: =M46+1 -> 46715 | ... Q47: =Q46+1 -> 46834 | U47: =YEAR(F47)&"_"&TEXT(MONTH(F47),"00")&"_"&TEXT(DAY(F47),"00") -> 2027_04_21 | V47: =YEAR(G47)&"_"&TEXT(MONTH(G47),"00")&"_"&TEXT(DAY(G47),"00") -> 2027_05_26 | W47: =YEAR(H47)&"_"&TEXT(MONTH(H47),"00")&"_"&TEXT(DAY(H47),"00") -> 2027_06_23 | X47: =YEAR(I47)&"_"&TEXT(MONTH(I47),"00")&"_"&TEXT(DAY(I47),"00") -> 2027_07_21 | Y47: =YEAR(J47)&"_"&TEXT(MONTH(J47),"00")&"_"&TEXT(DAY(J47),"00") -> 2027_08_25 | Z47: =YEAR(K47)&"_"&TEXT(MONTH(K47),"00")&"_"&TEXT(DAY(K47),"00") -> 2027_09_22 | AA47: =YEAR(L47)&"_"&TEXT(MONTH(L47),"00")&"_"&TEXT(DAY(L47),"00") -> 2027_10_20 | AB47: =YEAR(M47)&"_"&TEXT(MONTH(M47),"00")&"_"&TEXT(DAY(M47),"00") -> 2027_11_24 | ... AF47: =YEAR(Q47)&"_"&TEXT(MONTH(Q47),"00")&"_"&TEXT(DAY(Q47),"00") -> 2028_03_22
D48: FY28 | E48: =TEXT( F48, "ddd") -> Thu | F48: =F47+1 -> 46499 | G48: =G47+1 -> 46534 | H48: =H47+1 -> 46562 | I48: =I47+1 -> 46590 | J48: =J47+1 -> 46625 | K48: =K47+1 -> 46653 | L48: =L47+1 -> 46681 | M48: =M47+1 -> 46716 | ... Q48: =Q47+1 -> 46835 | U48: =YEAR(F48)&"_"&TEXT(MONTH(F48),"00")&"_"&TEXT(DAY(F48),"00") -> 2027_04_22 | V48: =YEAR(G48)&"_"&TEXT(MONTH(G48),"00")&"_"&TEXT(DAY(G48),"00") -> 2027_05_27 | W48: =YEAR(H48)&"_"&TEXT(MONTH(H48),"00")&"_"&TEXT(DAY(H48),"00") -> 2027_06_24 | X48: =YEAR(I48)&"_"&TEXT(MONTH(I48),"00")&"_"&TEXT(DAY(I48),"00") -> 2027_07_22 | Y48: =YEAR(J48)&"_"&TEXT(MONTH(J48),"00")&"_"&TEXT(DAY(J48),"00") -> 2027_08_26 | Z48: =YEAR(K48)&"_"&TEXT(MONTH(K48),"00")&"_"&TEXT(DAY(K48),"00") -> 2027_09_23 | AA48: =YEAR(L48)&"_"&TEXT(MONTH(L48),"00")&"_"&TEXT(DAY(L48),"00") -> 2027_10_21 | AB48: =YEAR(M48)&"_"&TEXT(MONTH(M48),"00")&"_"&TEXT(DAY(M48),"00") -> 2027_11_25 | ... AF48: =YEAR(Q48)&"_"&TEXT(MONTH(Q48),"00")&"_"&TEXT(DAY(Q48),"00") -> 2028_03_23
D49: FY28 | E49: =TEXT( F49, "ddd") -> Fri | F49: =F48+1 -> 46500 | G49: =G48+1 -> 46535 | H49: =H48+1 -> 46563 | I49: =I48+1 -> 46591 | J49: =J48+1 -> 46626 | K49: =K48+1 -> 46654 | L49: =L48+1 -> 46682 | M49: =M48+1 -> 46717 | ... Q49: =Q48+1 -> 46836 | U49: =YEAR(F49)&"_"&TEXT(MONTH(F49),"00")&"_"&TEXT(DAY(F49),"00") -> 2027_04_23 | V49: =YEAR(G49)&"_"&TEXT(MONTH(G49),"00")&"_"&TEXT(DAY(G49),"00") -> 2027_05_28 | W49: =YEAR(H49)&"_"&TEXT(MONTH(H49),"00")&"_"&TEXT(DAY(H49),"00") -> 2027_06_25 | X49: =YEAR(I49)&"_"&TEXT(MONTH(I49),"00")&"_"&TEXT(DAY(I49),"00") -> 2027_07_23 | Y49: =YEAR(J49)&"_"&TEXT(MONTH(J49),"00")&"_"&TEXT(DAY(J49),"00") -> 2027_08_27 | Z49: =YEAR(K49)&"_"&TEXT(MONTH(K49),"00")&"_"&TEXT(DAY(K49),"00") -> 2027_09_24 | AA49: =YEAR(L49)&"_"&TEXT(MONTH(L49),"00")&"_"&TEXT(DAY(L49),"00") -> 2027_10_22 | AB49: =YEAR(M49)&"_"&TEXT(MONTH(M49),"00")&"_"&TEXT(DAY(M49),"00") -> 2027_11_26 | ... AF49: =YEAR(Q49)&"_"&TEXT(MONTH(Q49),"00")&"_"&TEXT(DAY(Q49),"00") -> 2028_03_24
D50: FY28 | E50: =TEXT( F50, "ddd") -> Mon | F50: =F49+3 -> 46503 | I50: =I49+3 -> 46594 | L50: =L49+3 -> 46685 | O50: =O49+3 -> 46776 | U50: =YEAR(F50)&"_"&TEXT(MONTH(F50),"00")&"_"&TEXT(DAY(F50),"00") -> 2027_04_26 | X50: =YEAR(I50)&"_"&TEXT(MONTH(I50),"00")&"_"&TEXT(DAY(I50),"00") -> 2027_07_26 | AA50: =YEAR(L50)&"_"&TEXT(MONTH(L50),"00")&"_"&TEXT(DAY(L50),"00") -> 2027_10_25 | AD50: =YEAR(O50)&"_"&TEXT(MONTH(O50),"00")&"_"&TEXT(DAY(O50),"00") -> 2028_01_24
D51: FY28 | E51: =TEXT( F51, "ddd") -> Tue | F51: =F50+1 -> 46504 | I51: =I50+1 -> 46595 | L51: =L50+1 -> 46686 | O51: =O50+1 -> 46777 | U51: =YEAR(F51)&"_"&TEXT(MONTH(F51),"00")&"_"&TEXT(DAY(F51),"00") -> 2027_04_27 | X51: =YEAR(I51)&"_"&TEXT(MONTH(I51),"00")&"_"&TEXT(DAY(I51),"00") -> 2027_07_27 | AA51: =YEAR(L51)&"_"&TEXT(MONTH(L51),"00")&"_"&TEXT(DAY(L51),"00") -> 2027_10_26 | AD51: =YEAR(O51)&"_"&TEXT(MONTH(O51),"00")&"_"&TEXT(DAY(O51),"00") -> 2028_01_25
D52: FY28 | E52: =TEXT( F52, "ddd") -> Wed | F52: =F51+1 -> 46505 | I52: =I51+1 -> 46596 | L52: =L51+1 -> 46687 | O52: =O51+1 -> 46778 | U52: =YEAR(F52)&"_"&TEXT(MONTH(F52),"00")&"_"&TEXT(DAY(F52),"00") -> 2027_04_28 | X52: =YEAR(I52)&"_"&TEXT(MONTH(I52),"00")&"_"&TEXT(DAY(I52),"00") -> 2027_07_28 | AA52: =YEAR(L52)&"_"&TEXT(MONTH(L52),"00")&"_"&TEXT(DAY(L52),"00") -> 2027_10_27 | AD52: =YEAR(O52)&"_"&TEXT(MONTH(O52),"00")&"_"&TEXT(DAY(O52),"00") -> 2028_01_26
D53: FY28 | E53: =TEXT( F53, "ddd") -> Thu | F53: =F52+1 -> 46506 | I53: =I52+1 -> 46597 | L53: =L52+1 -> 46688 | O53: =O52+1 -> 46779 | U53: =YEAR(F53)&"_"&TEXT(MONTH(F53),"00")&"_"&TEXT(DAY(F53),"00") -> 2027_04_29 | X53: =YEAR(I53)&"_"&TEXT(MONTH(I53),"00")&"_"&TEXT(DAY(I53),"00") -> 2027_07_29 | AA53: =YEAR(L53)&"_"&TEXT(MONTH(L53),"00")&"_"&TEXT(DAY(L53),"00") -> 2027_10_28 | AD53: =YEAR(O53)&"_"&TEXT(MONTH(O53),"00")&"_"&TEXT(DAY(O53),"00") -> 2028_01_27
D54: FY28 | E54: =TEXT( F54, "ddd") -> Fri | F54: =F53+1 -> 46507 | I54: =I53+1 -> 46598 | L54: =L53+1 -> 46689 | O54: =O53+1 -> 46780 | U54: =YEAR(F54)&"_"&TEXT(MONTH(F54),"00")&"_"&TEXT(DAY(F54),"00") -> 2027_04_30 | X54: =YEAR(I54)&"_"&TEXT(MONTH(I54),"00")&"_"&TEXT(DAY(I54),"00") -> 2027_07_30 | AA54: =YEAR(L54)&"_"&TEXT(MONTH(L54),"00")&"_"&TEXT(DAY(L54),"00") -> 2027_10_29 | AD54: =YEAR(O54)&"_"&TEXT(MONTH(O54),"00")&"_"&TEXT(DAY(O54),"00") -> 2028_01_28
C57: FY29 | D57: FY29 | E57: =TEXT( F57, "ddd") -> Mon | F57: =Q49+3 -> 46839 | G57: =F81+3 -> 46874 | H57: =G76+3 -> 46902 | I57: =H76+3 -> 46930 | J57: =I81+3 -> 46965 | K57: =J76+3 -> 46993 | L57: =K76+3 -> 47021 | M57: =L81+3 -> 47056 | N57: =M76+3 -> 47084 | O57: =N76+3 -> 47112 | P57: =O81+3 -> 47147 | Q57: =P76+3 -> 47175 | U57: =YEAR(F57)&"_"&TEXT(MONTH(F57),"00")&"_"&TEXT(DAY(F57),"00") -> 2028_03_27 | V57: =YEAR(G57)&"_"&TEXT(MONTH(G57),"00")&"_"&TEXT(DAY(G57),"00") -> 2028_05_01 | W57: =YEAR(H57)&"_"&TEXT(MONTH(H57),"00")&"_"&TEXT(DAY(H57),"00") -> 2028_05_29 | X57: =YEAR(I57)&"_"&TEXT(MONTH(I57),"00")&"_"&TEXT(DAY(I57),"00") -> 2028_06_26 | Y57: =YEAR(J57)&"_"&TEXT(MONTH(J57),"00")&"_"&TEXT(DAY(J57),"00") -> 2028_07_31 | Z57: =YEAR(K57)&"_"&TEXT(MONTH(K57),"00")&"_"&TEXT(DAY(K57),"00") -> 2028_08_28 | AA57: =YEAR(L57)&"_"&TEXT(MONTH(L57),"00")&"_"&TEXT(DAY(L57),"00") -> 2028_09_25 | AB57: =YEAR(M57)&"_"&TEXT(MONTH(M57),"00")&"_"&TEXT(DAY(M57),"00") -> 2028_10_30 | ... AF57: =YEAR(Q57)&"_"&TEXT(MONTH(Q57),"00")&"_"&TEXT(DAY(Q57),"00") -> 2029_02_26
D58: FY29 | E58: =TEXT( F58, "ddd") -> Tue | F58: =F57+1 -> 46840 | G58: =G57+1 -> 46875 | H58: =H57+1 -> 46903 | I58: =I57+1 -> 46931 | J58: =J57+1 -> 46966 | K58: =K57+1 -> 46994 | L58: =L57+1 -> 47022 | M58: =M57+1 -> 47057 | ... Q58: =Q57+1 -> 47176 | U58: =YEAR(F58)&"_"&TEXT(MONTH(F58),"00")&"_"&TEXT(DAY(F58),"00") -> 2028_03_28 | V58: =YEAR(G58)&"_"&TEXT(MONTH(G58),"00")&"_"&TEXT(DAY(G58),"00") -> 2028_05_02 | W58: =YEAR(H58)&"_"&TEXT(MONTH(H58),"00")&"_"&TEXT(DAY(H58),"00") -> 2028_05_30 | X58: =YEAR(I58)&"_"&TEXT(MONTH(I58),"00")&"_"&TEXT(DAY(I58),"00") -> 2028_06_27 | Y58: =YEAR(J58)&"_"&TEXT(MONTH(J58),"00")&"_"&TEXT(DAY(J58),"00") -> 2028_08_01 | Z58: =YEAR(K58)&"_"&TEXT(MONTH(K58),"00")&"_"&TEXT(DAY(K58),"00") -> 2028_08_29 | AA58: =YEAR(L58)&"_"&TEXT(MONTH(L58),"00")&"_"&TEXT(DAY(L58),"00") -> 2028_09_26 | AB58: =YEAR(M58)&"_"&TEXT(MONTH(M58),"00")&"_"&TEXT(DAY(M58),"00") -> 2028_10_31 | ... AF58: =YEAR(Q58)&"_"&TEXT(MONTH(Q58),"00")&"_"&TEXT(DAY(Q58),"00") -> 2029_02_27
D59: FY29 | E59: =TEXT( F59, "ddd") -> Wed | F59: =F58+1 -> 46841 | G59: =G58+1 -> 46876 | H59: =H58+1 -> 46904 | I59: =I58+1 -> 46932 | J59: =J58+1 -> 46967 | K59: =K58+1 -> 46995 | L59: =L58+1 -> 47023 | M59: =M58+1 -> 47058 | ... Q59: =Q58+1 -> 47177 | U59: =YEAR(F59)&"_"&TEXT(MONTH(F59),"00")&"_"&TEXT(DAY(F59),"00") -> 2028_03_29 | V59: =YEAR(G59)&"_"&TEXT(MONTH(G59),"00")&"_"&TEXT(DAY(G59),"00") -> 2028_05_03 | W59: =YEAR(H59)&"_"&TEXT(MONTH(H59),"00")&"_"&TEXT(DAY(H59),"00") -> 2028_05_31 | X59: =YEAR(I59)&"_"&TEXT(MONTH(I59),"00")&"_"&TEXT(DAY(I59),"00") -> 2028_06_28 | Y59: =YEAR(J59)&"_"&TEXT(MONTH(J59),"00")&"_"&TEXT(DAY(J59),"00") -> 2028_08_02 | Z59: =YEAR(K59)&"_"&TEXT(MONTH(K59),"00")&"_"&TEXT(DAY(K59),"00") -> 2028_08_30 | AA59: =YEAR(L59)&"_"&TEXT(MONTH(L59),"00")&"_"&TEXT(DAY(L59),"00") -> 2028_09_27 | AB59: =YEAR(M59)&"_"&TEXT(MONTH(M59),"00")&"_"&TEXT(DAY(M59),"00") -> 2028_11_01 | ... AF59: =YEAR(Q59)&"_"&TEXT(MONTH(Q59),"00")&"_"&TEXT(DAY(Q59),"00") -> 2029_02_28
D60: FY29 | E60: =TEXT( F60, "ddd") -> Thu | F60: =F59+1 -> 46842 | G60: =G59+1 -> 46877 | H60: =H59+1 -> 46905 | I60: =I59+1 -> 46933 | J60: =J59+1 -> 46968 | K60: =K59+1 -> 46996 | L60: =L59+1 -> 47024 | M60: =M59+1 -> 47059 | ... Q60: =Q59+1 -> 47178 | U60: =YEAR(F60)&"_"&TEXT(MONTH(F60),"00")&"_"&TEXT(DAY(F60),"00") -> 2028_03_30 | V60: =YEAR(G60)&"_"&TEXT(MONTH(G60),"00")&"_"&TEXT(DAY(G60),"00") -> 2028_05_04 | W60: =YEAR(H60)&"_"&TEXT(MONTH(H60),"00")&"_"&TEXT(DAY(H60),"00") -> 2028_06_01 | X60: =YEAR(I60)&"_"&TEXT(MONTH(I60),"00")&"_"&TEXT(DAY(I60),"00") -> 2028_06_29 | Y60: =YEAR(J60)&"_"&TEXT(MONTH(J60),"00")&"_"&TEXT(DAY(J60),"00") -> 2028_08_03 | Z60: =YEAR(K60)&"_"&TEXT(MONTH(K60),"00")&"_"&TEXT(DAY(K60),"00") -> 2028_08_31 | AA60: =YEAR(L60)&"_"&TEXT(MONTH(L60),"00")&"_"&TEXT(DAY(L60),"00") -> 2028_09_28 | AB60: =YEAR(M60)&"_"&TEXT(MONTH(M60),"00")&"_"&TEXT(DAY(M60),"00") -> 2028_11_02 | ... AF60: =YEAR(Q60)&"_"&TEXT(MONTH(Q60),"00")&"_"&TEXT(DAY(Q60),"00") -> 2029_03_01
D61: FY29 | E61: =TEXT( F61, "ddd") -> Fri | F61: =F60+1 -> 46843 | G61: =G60+1 -> 46878 | H61: =H60+1 -> 46906 | I61: =I60+1 -> 46934 | J61: =J60+1 -> 46969 | K61: =K60+1 -> 46997 | L61: =L60+1 -> 47025 | M61: =M60+1 -> 47060 | ... Q61: =Q60+1 -> 47179 | U61: =YEAR(F61)&"_"&TEXT(MONTH(F61),"00")&"_"&TEXT(DAY(F61),"00") -> 2028_03_31 | V61: =YEAR(G61)&"_"&TEXT(MONTH(G61),"00")&"_"&TEXT(DAY(G61),"00") -> 2028_05_05 | W61: =YEAR(H61)&"_"&TEXT(MONTH(H61),"00")&"_"&TEXT(DAY(H61),"00") -> 2028_06_02 | X61: =YEAR(I61)&"_"&TEXT(MONTH(I61),"00")&"_"&TEXT(DAY(I61),"00") -> 2028_06_30 | Y61: =YEAR(J61)&"_"&TEXT(MONTH(J61),"00")&"_"&TEXT(DAY(J61),"00") -> 2028_08_04 | Z61: =YEAR(K61)&"_"&TEXT(MONTH(K61),"00")&"_"&TEXT(DAY(K61),"00") -> 2028_09_01 | AA61: =YEAR(L61)&"_"&TEXT(MONTH(L61),"00")&"_"&TEXT(DAY(L61),"00") -> 2028_09_29 | AB61: =YEAR(M61)&"_"&TEXT(MONTH(M61),"00")&"_"&TEXT(DAY(M61),"00") -> 2028_11_03 | ... AF61: =YEAR(Q61)&"_"&TEXT(MONTH(Q61),"00")&"_"&TEXT(DAY(Q61),"00") -> 2029_03_02
D62: FY29 | E62: =TEXT( F62, "ddd") -> Mon | F62: =F61+3 -> 46846 | G62: =G61+3 -> 46881 | H62: =H61+3 -> 46909 | I62: =I61+3 -> 46937 | J62: =J61+3 -> 46972 | K62: =K61+3 -> 47000 | L62: =L61+3 -> 47028 | M62: =M61+3 -> 47063 | ... Q62: =Q61+3 -> 47182 | U62: =YEAR(F62)&"_"&TEXT(MONTH(F62),"00")&"_"&TEXT(DAY(F62),"00") -> 2028_04_03 | V62: =YEAR(G62)&"_"&TEXT(MONTH(G62),"00")&"_"&TEXT(DAY(G62),"00") -> 2028_05_08 | W62: =YEAR(H62)&"_"&TEXT(MONTH(H62),"00")&"_"&TEXT(DAY(H62),"00") -> 2028_06_05 | X62: =YEAR(I62)&"_"&TEXT(MONTH(I62),"00")&"_"&TEXT(DAY(I62),"00") -> 2028_07_03 | Y62: =YEAR(J62)&"_"&TEXT(MONTH(J62),"00")&"_"&TEXT(DAY(J62),"00") -> 2028_08_07 | Z62: =YEAR(K62)&"_"&TEXT(MONTH(K62),"00")&"_"&TEXT(DAY(K62),"00") -> 2028_09_04 | AA62: =YEAR(L62)&"_"&TEXT(MONTH(L62),"00")&"_"&TEXT(DAY(L62),"00") -> 2028_10_02 | AB62: =YEAR(M62)&"_"&TEXT(MONTH(M62),"00")&"_"&TEXT(DAY(M62),"00") -> 2028_11_06 | ... AF62: =YEAR(Q62)&"_"&TEXT(MONTH(Q62),"00")&"_"&TEXT(DAY(Q62),"00") -> 2029_03_05
D63: FY29 | E63: =TEXT( F63, "ddd") -> Tue | F63: =F62+1 -> 46847 | G63: =G62+1 -> 46882 | H63: =H62+1 -> 46910 | I63: =I62+1 -> 46938 | J63: =J62+1 -> 46973 | K63: =K62+1 -> 47001 | L63: =L62+1 -> 47029 | M63: =M62+1 -> 47064 | ... Q63: =Q62+1 -> 47183 | U63: =YEAR(F63)&"_"&TEXT(MONTH(F63),"00")&"_"&TEXT(DAY(F63),"00") -> 2028_04_04 | V63: =YEAR(G63)&"_"&TEXT(MONTH(G63),"00")&"_"&TEXT(DAY(G63),"00") -> 2028_05_09 | W63: =YEAR(H63)&"_"&TEXT(MONTH(H63),"00")&"_"&TEXT(DAY(H63),"00") -> 2028_06_06 | X63: =YEAR(I63)&"_"&TEXT(MONTH(I63),"00")&"_"&TEXT(DAY(I63),"00") -> 2028_07_04 | Y63: =YEAR(J63)&"_"&TEXT(MONTH(J63),"00")&"_"&TEXT(DAY(J63),"00") -> 2028_08_08 | Z63: =YEAR(K63)&"_"&TEXT(MONTH(K63),"00")&"_"&TEXT(DAY(K63),"00") -> 2028_09_05 | AA63: =YEAR(L63)&"_"&TEXT(MONTH(L63),"00")&"_"&TEXT(DAY(L63),"00") -> 2028_10_03 | AB63: =YEAR(M63)&"_"&TEXT(MONTH(M63),"00")&"_"&TEXT(DAY(M63),"00") -> 2028_11_07 | ... AF63: =YEAR(Q63)&"_"&TEXT(MONTH(Q63),"00")&"_"&TEXT(DAY(Q63),"00") -> 2029_03_06
D64: FY29 | E64: =TEXT( F64, "ddd") -> Wed | F64: =F63+1 -> 46848 | G64: =G63+1 -> 46883 | H64: =H63+1 -> 46911 | I64: =I63+1 -> 46939 | J64: =J63+1 -> 46974 | K64: =K63+1 -> 47002 | L64: =L63+1 -> 47030 | M64: =M63+1 -> 47065 | ... Q64: =Q63+1 -> 47184 | U64: =YEAR(F64)&"_"&TEXT(MONTH(F64),"00")&"_"&TEXT(DAY(F64),"00") -> 2028_04_05 | V64: =YEAR(G64)&"_"&TEXT(MONTH(G64),"00")&"_"&TEXT(DAY(G64),"00") -> 2028_05_10 | W64: =YEAR(H64)&"_"&TEXT(MONTH(H64),"00")&"_"&TEXT(DAY(H64),"00") -> 2028_06_07 | X64: =YEAR(I64)&"_"&TEXT(MONTH(I64),"00")&"_"&TEXT(DAY(I64),"00") -> 2028_07_05 | Y64: =YEAR(J64)&"_"&TEXT(MONTH(J64),"00")&"_"&TEXT(DAY(J64),"00") -> 2028_08_09 | Z64: =YEAR(K64)&"_"&TEXT(MONTH(K64),"00")&"_"&TEXT(DAY(K64),"00") -> 2028_09_06 | AA64: =YEAR(L64)&"_"&TEXT(MONTH(L64),"00")&"_"&TEXT(DAY(L64),"00") -> 2028_10_04 | AB64: =YEAR(M64)&"_"&TEXT(MONTH(M64),"00")&"_"&TEXT(DAY(M64),"00") -> 2028_11_08 | ... AF64: =YEAR(Q64)&"_"&TEXT(MONTH(Q64),"00")&"_"&TEXT(DAY(Q64),"00") -> 2029_03_07
D65: FY29 | E65: =TEXT( F65, "ddd") -> Thu | F65: =F64+1 -> 46849 | G65: =G64+1 -> 46884 | H65: =H64+1 -> 46912 | I65: =I64+1 -> 46940 | J65: =J64+1 -> 46975 | K65: =K64+1 -> 47003 | L65: =L64+1 -> 47031 | M65: =M64+1 -> 47066 | ... Q65: =Q64+1 -> 47185 | U65: =YEAR(F65)&"_"&TEXT(MONTH(F65),"00")&"_"&TEXT(DAY(F65),"00") -> 2028_04_06 | V65: =YEAR(G65)&"_"&TEXT(MONTH(G65),"00")&"_"&TEXT(DAY(G65),"00") -> 2028_05_11 | W65: =YEAR(H65)&"_"&TEXT(MONTH(H65),"00")&"_"&TEXT(DAY(H65),"00") -> 2028_06_08 | X65: =YEAR(I65)&"_"&TEXT(MONTH(I65),"00")&"_"&TEXT(DAY(I65),"00") -> 2028_07_06 | Y65: =YEAR(J65)&"_"&TEXT(MONTH(J65),"00")&"_"&TEXT(DAY(J65),"00") -> 2028_08_10 | Z65: =YEAR(K65)&"_"&TEXT(MONTH(K65),"00")&"_"&TEXT(DAY(K65),"00") -> 2028_09_07 | AA65: =YEAR(L65)&"_"&TEXT(MONTH(L65),"00")&"_"&TEXT(DAY(L65),"00") -> 2028_10_05 | AB65: =YEAR(M65)&"_"&TEXT(MONTH(M65),"00")&"_"&TEXT(DAY(M65),"00") -> 2028_11_09 | ... AF65: =YEAR(Q65)&"_"&TEXT(MONTH(Q65),"00")&"_"&TEXT(DAY(Q65),"00") -> 2029_03_08
D66: FY29 | E66: =TEXT( F66, "ddd") -> Fri | F66: =F65+1 -> 46850 | G66: =G65+1 -> 46885 | H66: =H65+1 -> 46913 | I66: =I65+1 -> 46941 | J66: =J65+1 -> 46976 | K66: =K65+1 -> 47004 | L66: =L65+1 -> 47032 | M66: =M65+1 -> 47067 | ... Q66: =Q65+1 -> 47186 | U66: =YEAR(F66)&"_"&TEXT(MONTH(F66),"00")&"_"&TEXT(DAY(F66),"00") -> 2028_04_07 | V66: =YEAR(G66)&"_"&TEXT(MONTH(G66),"00")&"_"&TEXT(DAY(G66),"00") -> 2028_05_12 | W66: =YEAR(H66)&"_"&TEXT(MONTH(H66),"00")&"_"&TEXT(DAY(H66),"00") -> 2028_06_09 | X66: =YEAR(I66)&"_"&TEXT(MONTH(I66),"00")&"_"&TEXT(DAY(I66),"00") -> 2028_07_07 | Y66: =YEAR(J66)&"_"&TEXT(MONTH(J66),"00")&"_"&TEXT(DAY(J66),"00") -> 2028_08_11 | Z66: =YEAR(K66)&"_"&TEXT(MONTH(K66),"00")&"_"&TEXT(DAY(K66),"00") -> 2028_09_08 | AA66: =YEAR(L66)&"_"&TEXT(MONTH(L66),"00")&"_"&TEXT(DAY(L66),"00") -> 2028_10_06 | AB66: =YEAR(M66)&"_"&TEXT(MONTH(M66),"00")&"_"&TEXT(DAY(M66),"00") -> 2028_11_10 | ... AF66: =YEAR(Q66)&"_"&TEXT(MONTH(Q66),"00")&"_"&TEXT(DAY(Q66),"00") -> 2029_03_09
D67: FY29 | E67: =TEXT( F67, "ddd") -> Mon | F67: =F66+3 -> 46853 | G67: =G66+3 -> 46888 | H67: =H66+3 -> 46916 | I67: =I66+3 -> 46944 | J67: =J66+3 -> 46979 | K67: =K66+3 -> 47007 | L67: =L66+3 -> 47035 | M67: =M66+3 -> 47070 | ... Q67: =Q66+3 -> 47189 | U67: =YEAR(F67)&"_"&TEXT(MONTH(F67),"00")&"_"&TEXT(DAY(F67),"00") -> 2028_04_10 | V67: =YEAR(G67)&"_"&TEXT(MONTH(G67),"00")&"_"&TEXT(DAY(G67),"00") -> 2028_05_15 | W67: =YEAR(H67)&"_"&TEXT(MONTH(H67),"00")&"_"&TEXT(DAY(H67),"00") -> 2028_06_12 | X67: =YEAR(I67)&"_"&TEXT(MONTH(I67),"00")&"_"&TEXT(DAY(I67),"00") -> 2028_07_10 | Y67: =YEAR(J67)&"_"&TEXT(MONTH(J67),"00")&"_"&TEXT(DAY(J67),"00") -> 2028_08_14 | Z67: =YEAR(K67)&"_"&TEXT(MONTH(K67),"00")&"_"&TEXT(DAY(K67),"00") -> 2028_09_11 | AA67: =YEAR(L67)&"_"&TEXT(MONTH(L67),"00")&"_"&TEXT(DAY(L67),"00") -> 2028_10_09 | AB67: =YEAR(M67)&"_"&TEXT(MONTH(M67),"00")&"_"&TEXT(DAY(M67),"00") -> 2028_11_13 | ... AF67: =YEAR(Q67)&"_"&TEXT(MONTH(Q67),"00")&"_"&TEXT(DAY(Q67),"00") -> 2029_03_12
D68: FY29 | E68: =TEXT( F68, "ddd") -> Tue | F68: =F67+1 -> 46854 | G68: =G67+1 -> 46889 | H68: =H67+1 -> 46917 | I68: =I67+1 -> 46945 | J68: =J67+1 -> 46980 | K68: =K67+1 -> 47008 | L68: =L67+1 -> 47036 | M68: =M67+1 -> 47071 | ... Q68: =Q67+1 -> 47190 | U68: =YEAR(F68)&"_"&TEXT(MONTH(F68),"00")&"_"&TEXT(DAY(F68),"00") -> 2028_04_11 | V68: =YEAR(G68)&"_"&TEXT(MONTH(G68),"00")&"_"&TEXT(DAY(G68),"00") -> 2028_05_16 | W68: =YEAR(H68)&"_"&TEXT(MONTH(H68),"00")&"_"&TEXT(DAY(H68),"00") -> 2028_06_13 | X68: =YEAR(I68)&"_"&TEXT(MONTH(I68),"00")&"_"&TEXT(DAY(I68),"00") -> 2028_07_11 | Y68: =YEAR(J68)&"_"&TEXT(MONTH(J68),"00")&"_"&TEXT(DAY(J68),"00") -> 2028_08_15 | Z68: =YEAR(K68)&"_"&TEXT(MONTH(K68),"00")&"_"&TEXT(DAY(K68),"00") -> 2028_09_12 | AA68: =YEAR(L68)&"_"&TEXT(MONTH(L68),"00")&"_"&TEXT(DAY(L68),"00") -> 2028_10_10 | AB68: =YEAR(M68)&"_"&TEXT(MONTH(M68),"00")&"_"&TEXT(DAY(M68),"00") -> 2028_11_14 | ... AF68: =YEAR(Q68)&"_"&TEXT(MONTH(Q68),"00")&"_"&TEXT(DAY(Q68),"00") -> 2029_03_13
D69: FY29 | E69: =TEXT( F69, "ddd") -> Wed | F69: =F68+1 -> 46855 | G69: =G68+1 -> 46890 | H69: =H68+1 -> 46918 | I69: =I68+1 -> 46946 | J69: =J68+1 -> 46981 | K69: =K68+1 -> 47009 | L69: =L68+1 -> 47037 | M69: =M68+1 -> 47072 | ... Q69: =Q68+1 -> 47191 | U69: =YEAR(F69)&"_"&TEXT(MONTH(F69),"00")&"_"&TEXT(DAY(F69),"00") -> 2028_04_12 | V69: =YEAR(G69)&"_"&TEXT(MONTH(G69),"00")&"_"&TEXT(DAY(G69),"00") -> 2028_05_17 | W69: =YEAR(H69)&"_"&TEXT(MONTH(H69),"00")&"_"&TEXT(DAY(H69),"00") -> 2028_06_14 | X69: =YEAR(I69)&"_"&TEXT(MONTH(I69),"00")&"_"&TEXT(DAY(I69),"00") -> 2028_07_12 | Y69: =YEAR(J69)&"_"&TEXT(MONTH(J69),"00")&"_"&TEXT(DAY(J69),"00") -> 2028_08_16 | Z69: =YEAR(K69)&"_"&TEXT(MONTH(K69),"00")&"_"&TEXT(DAY(K69),"00") -> 2028_09_13 | AA69: =YEAR(L69)&"_"&TEXT(MONTH(L69),"00")&"_"&TEXT(DAY(L69),"00") -> 2028_10_11 | AB69: =YEAR(M69)&"_"&TEXT(MONTH(M69),"00")&"_"&TEXT(DAY(M69),"00") -> 2028_11_15 | ... AF69: =YEAR(Q69)&"_"&TEXT(MONTH(Q69),"00")&"_"&TEXT(DAY(Q69),"00") -> 2029_03_14
D70: FY29 | E70: =TEXT( F70, "ddd") -> Thu | F70: =F69+1 -> 46856 | G70: =G69+1 -> 46891 | H70: =H69+1 -> 46919 | I70: =I69+1 -> 46947 | J70: =J69+1 -> 46982 | K70: =K69+1 -> 47010 | L70: =L69+1 -> 47038 | M70: =M69+1 -> 47073 | ... Q70: =Q69+1 -> 47192 | U70: =YEAR(F70)&"_"&TEXT(MONTH(F70),"00")&"_"&TEXT(DAY(F70),"00") -> 2028_04_13 | V70: =YEAR(G70)&"_"&TEXT(MONTH(G70),"00")&"_"&TEXT(DAY(G70),"00") -> 2028_05_18 | W70: =YEAR(H70)&"_"&TEXT(MONTH(H70),"00")&"_"&TEXT(DAY(H70),"00") -> 2028_06_15 | X70: =YEAR(I70)&"_"&TEXT(MONTH(I70),"00")&"_"&TEXT(DAY(I70),"00") -> 2028_07_13 | Y70: =YEAR(J70)&"_"&TEXT(MONTH(J70),"00")&"_"&TEXT(DAY(J70),"00") -> 2028_08_17 | Z70: =YEAR(K70)&"_"&TEXT(MONTH(K70),"00")&"_"&TEXT(DAY(K70),"00") -> 2028_09_14 | AA70: =YEAR(L70)&"_"&TEXT(MONTH(L70),"00")&"_"&TEXT(DAY(L70),"00") -> 2028_10_12 | AB70: =YEAR(M70)&"_"&TEXT(MONTH(M70),"00")&"_"&TEXT(DAY(M70),"00") -> 2028_11_16 | ... AF70: =YEAR(Q70)&"_"&TEXT(MONTH(Q70),"00")&"_"&TEXT(DAY(Q70),"00") -> 2029_03_15
D71: FY29 | E71: =TEXT( F71, "ddd") -> Fri | F71: =F70+1 -> 46857 | G71: =G70+1 -> 46892 | H71: =H70+1 -> 46920 | I71: =I70+1 -> 46948 | J71: =J70+1 -> 46983 | K71: =K70+1 -> 47011 | L71: =L70+1 -> 47039 | M71: =M70+1 -> 47074 | ... Q71: =Q70+1 -> 47193 | U71: =YEAR(F71)&"_"&TEXT(MONTH(F71),"00")&"_"&TEXT(DAY(F71),"00") -> 2028_04_14 | V71: =YEAR(G71)&"_"&TEXT(MONTH(G71),"00")&"_"&TEXT(DAY(G71),"00") -> 2028_05_19 | W71: =YEAR(H71)&"_"&TEXT(MONTH(H71),"00")&"_"&TEXT(DAY(H71),"00") -> 2028_06_16 | X71: =YEAR(I71)&"_"&TEXT(MONTH(I71),"00")&"_"&TEXT(DAY(I71),"00") -> 2028_07_14 | Y71: =YEAR(J71)&"_"&TEXT(MONTH(J71),"00")&"_"&TEXT(DAY(J71),"00") -> 2028_08_18 | Z71: =YEAR(K71)&"_"&TEXT(MONTH(K71),"00")&"_"&TEXT(DAY(K71),"00") -> 2028_09_15 | AA71: =YEAR(L71)&"_"&TEXT(MONTH(L71),"00")&"_"&TEXT(DAY(L71),"00") -> 2028_10_13 | AB71: =YEAR(M71)&"_"&TEXT(MONTH(M71),"00")&"_"&TEXT(DAY(M71),"00") -> 2028_11_17 | ... AF71: =YEAR(Q71)&"_"&TEXT(MONTH(Q71),"00")&"_"&TEXT(DAY(Q71),"00") -> 2029_03_16
D72: FY29 | E72: =TEXT( F72, "ddd") -> Mon | F72: =F71+3 -> 46860 | G72: =G71+3 -> 46895 | H72: =H71+3 -> 46923 | I72: =I71+3 -> 46951 | J72: =J71+3 -> 46986 | K72: =K71+3 -> 47014 | L72: =L71+3 -> 47042 | M72: =M71+3 -> 47077 | ... Q72: =Q71+3 -> 47196 | U72: =YEAR(F72)&"_"&TEXT(MONTH(F72),"00")&"_"&TEXT(DAY(F72),"00") -> 2028_04_17 | V72: =YEAR(G72)&"_"&TEXT(MONTH(G72),"00")&"_"&TEXT(DAY(G72),"00") -> 2028_05_22 | W72: =YEAR(H72)&"_"&TEXT(MONTH(H72),"00")&"_"&TEXT(DAY(H72),"00") -> 2028_06_19 | X72: =YEAR(I72)&"_"&TEXT(MONTH(I72),"00")&"_"&TEXT(DAY(I72),"00") -> 2028_07_17 | Y72: =YEAR(J72)&"_"&TEXT(MONTH(J72),"00")&"_"&TEXT(DAY(J72),"00") -> 2028_08_21 | Z72: =YEAR(K72)&"_"&TEXT(MONTH(K72),"00")&"_"&TEXT(DAY(K72),"00") -> 2028_09_18 | AA72: =YEAR(L72)&"_"&TEXT(MONTH(L72),"00")&"_"&TEXT(DAY(L72),"00") -> 2028_10_16 | AB72: =YEAR(M72)&"_"&TEXT(MONTH(M72),"00")&"_"&TEXT(DAY(M72),"00") -> 2028_11_20 | ... AF72: =YEAR(Q72)&"_"&TEXT(MONTH(Q72),"00")&"_"&TEXT(DAY(Q72),"00") -> 2029_03_19
D73: FY29 | E73: =TEXT( F73, "ddd") -> Tue | F73: =F72+1 -> 46861 | G73: =G72+1 -> 46896 | H73: =H72+1 -> 46924 | I73: =I72+1 -> 46952 | J73: =J72+1 -> 46987 | K73: =K72+1 -> 47015 | L73: =L72+1 -> 47043 | M73: =M72+1 -> 47078 | ... Q73: =Q72+1 -> 47197 | U73: =YEAR(F73)&"_"&TEXT(MONTH(F73),"00")&"_"&TEXT(DAY(F73),"00") -> 2028_04_18 | V73: =YEAR(G73)&"_"&TEXT(MONTH(G73),"00")&"_"&TEXT(DAY(G73),"00") -> 2028_05_23 | W73: =YEAR(H73)&"_"&TEXT(MONTH(H73),"00")&"_"&TEXT(DAY(H73),"00") -> 2028_06_20 | X73: =YEAR(I73)&"_"&TEXT(MONTH(I73),"00")&"_"&TEXT(DAY(I73),"00") -> 2028_07_18 | Y73: =YEAR(J73)&"_"&TEXT(MONTH(J73),"00")&"_"&TEXT(DAY(J73),"00") -> 2028_08_22 | Z73: =YEAR(K73)&"_"&TEXT(MONTH(K73),"00")&"_"&TEXT(DAY(K73),"00") -> 2028_09_19 | AA73: =YEAR(L73)&"_"&TEXT(MONTH(L73),"00")&"_"&TEXT(DAY(L73),"00") -> 2028_10_17 | AB73: =YEAR(M73)&"_"&TEXT(MONTH(M73),"00")&"_"&TEXT(DAY(M73),"00") -> 2028_11_21 | ... AF73: =YEAR(Q73)&"_"&TEXT(MONTH(Q73),"00")&"_"&TEXT(DAY(Q73),"00") -> 2029_03_20
D74: FY29 | E74: =TEXT( F74, "ddd") -> Wed | F74: =F73+1 -> 46862 | G74: =G73+1 -> 46897 | H74: =H73+1 -> 46925 | I74: =I73+1 -> 46953 | J74: =J73+1 -> 46988 | K74: =K73+1 -> 47016 | L74: =L73+1 -> 47044 | M74: =M73+1 -> 47079 | ... Q74: =Q73+1 -> 47198 | U74: =YEAR(F74)&"_"&TEXT(MONTH(F74),"00")&"_"&TEXT(DAY(F74),"00") -> 2028_04_19 | V74: =YEAR(G74)&"_"&TEXT(MONTH(G74),"00")&"_"&TEXT(DAY(G74),"00") -> 2028_05_24 | W74: =YEAR(H74)&"_"&TEXT(MONTH(H74),"00")&"_"&TEXT(DAY(H74),"00") -> 2028_06_21 | X74: =YEAR(I74)&"_"&TEXT(MONTH(I74),"00")&"_"&TEXT(DAY(I74),"00") -> 2028_07_19 | Y74: =YEAR(J74)&"_"&TEXT(MONTH(J74),"00")&"_"&TEXT(DAY(J74),"00") -> 2028_08_23 | Z74: =YEAR(K74)&"_"&TEXT(MONTH(K74),"00")&"_"&TEXT(DAY(K74),"00") -> 2028_09_20 | AA74: =YEAR(L74)&"_"&TEXT(MONTH(L74),"00")&"_"&TEXT(DAY(L74),"00") -> 2028_10_18 | AB74: =YEAR(M74)&"_"&TEXT(MONTH(M74),"00")&"_"&TEXT(DAY(M74),"00") -> 2028_11_22 | ... AF74: =YEAR(Q74)&"_"&TEXT(MONTH(Q74),"00")&"_"&TEXT(DAY(Q74),"00") -> 2029_03_21
D75: FY29 | E75: =TEXT( F75, "ddd") -> Thu | F75: =F74+1 -> 46863 | G75: =G74+1 -> 46898 | H75: =H74+1 -> 46926 | I75: =I74+1 -> 46954 | J75: =J74+1 -> 46989 | K75: =K74+1 -> 47017 | L75: =L74+1 -> 47045 | M75: =M74+1 -> 47080 | ... Q75: =Q74+1 -> 47199 | U75: =YEAR(F75)&"_"&TEXT(MONTH(F75),"00")&"_"&TEXT(DAY(F75),"00") -> 2028_04_20 | V75: =YEAR(G75)&"_"&TEXT(MONTH(G75),"00")&"_"&TEXT(DAY(G75),"00") -> 2028_05_25 | W75: =YEAR(H75)&"_"&TEXT(MONTH(H75),"00")&"_"&TEXT(DAY(H75),"00") -> 2028_06_22 | X75: =YEAR(I75)&"_"&TEXT(MONTH(I75),"00")&"_"&TEXT(DAY(I75),"00") -> 2028_07_20 | Y75: =YEAR(J75)&"_"&TEXT(MONTH(J75),"00")&"_"&TEXT(DAY(J75),"00") -> 2028_08_24 | Z75: =YEAR(K75)&"_"&TEXT(MONTH(K75),"00")&"_"&TEXT(DAY(K75),"00") -> 2028_09_21 | AA75: =YEAR(L75)&"_"&TEXT(MONTH(L75),"00")&"_"&TEXT(DAY(L75),"00") -> 2028_10_19 | AB75: =YEAR(M75)&"_"&TEXT(MONTH(M75),"00")&"_"&TEXT(DAY(M75),"00") -> 2028_11_23 | ... AF75: =YEAR(Q75)&"_"&TEXT(MONTH(Q75),"00")&"_"&TEXT(DAY(Q75),"00") -> 2029_03_22
D76: FY29 | E76: =TEXT( F76, "ddd") -> Fri | F76: =F75+1 -> 46864 | G76: =G75+1 -> 46899 | H76: =H75+1 -> 46927 | I76: =I75+1 -> 46955 | J76: =J75+1 -> 46990 | K76: =K75+1 -> 47018 | L76: =L75+1 -> 47046 | M76: =M75+1 -> 47081 | ... Q76: =Q75+1 -> 47200 | U76: =YEAR(F76)&"_"&TEXT(MONTH(F76),"00")&"_"&TEXT(DAY(F76),"00") -> 2028_04_21 | V76: =YEAR(G76)&"_"&TEXT(MONTH(G76),"00")&"_"&TEXT(DAY(G76),"00") -> 2028_05_26 | W76: =YEAR(H76)&"_"&TEXT(MONTH(H76),"00")&"_"&TEXT(DAY(H76),"00") -> 2028_06_23 | X76: =YEAR(I76)&"_"&TEXT(MONTH(I76),"00")&"_"&TEXT(DAY(I76),"00") -> 2028_07_21 | Y76: =YEAR(J76)&"_"&TEXT(MONTH(J76),"00")&"_"&TEXT(DAY(J76),"00") -> 2028_08_25 | Z76: =YEAR(K76)&"_"&TEXT(MONTH(K76),"00")&"_"&TEXT(DAY(K76),"00") -> 2028_09_22 | AA76: =YEAR(L76)&"_"&TEXT(MONTH(L76),"00")&"_"&TEXT(DAY(L76),"00") -> 2028_10_20 | AB76: =YEAR(M76)&"_"&TEXT(MONTH(M76),"00")&"_"&TEXT(DAY(M76),"00") -> 2028_11_24 | ... AF76: =YEAR(Q76)&"_"&TEXT(MONTH(Q76),"00")&"_"&TEXT(DAY(Q76),"00") -> 2029_03_23
D77: FY29 | E77: =TEXT( F77, "ddd") -> Mon | F77: =F76+3 -> 46867 | I77: =I76+3 -> 46958 | L77: =L76+3 -> 47049 | O77: =O76+3 -> 47140 | Q77: =Q76+3 -> 47203 | U77: =YEAR(F77)&"_"&TEXT(MONTH(F77),"00")&"_"&TEXT(DAY(F77),"00") -> 2028_04_24 | X77: =YEAR(I77)&"_"&TEXT(MONTH(I77),"00")&"_"&TEXT(DAY(I77),"00") -> 2028_07_24 | AA77: =YEAR(L77)&"_"&TEXT(MONTH(L77),"00")&"_"&TEXT(DAY(L77),"00") -> 2028_10_23 | AD77: =YEAR(O77)&"_"&TEXT(MONTH(O77),"00")&"_"&TEXT(DAY(O77),"00") -> 2029_01_22 | AF77: =YEAR(Q77)&"_"&TEXT(MONTH(Q77),"00")&"_"&TEXT(DAY(Q77),"00") -> 2029_03_26
D78: FY29 | E78: =TEXT( F78, "ddd") -> Tue | F78: =F77+1 -> 46868 | I78: =I77+1 -> 46959 | L78: =L77+1 -> 47050 | O78: =O77+1 -> 47141 | Q78: =Q77+1 -> 47204 | U78: =YEAR(F78)&"_"&TEXT(MONTH(F78),"00")&"_"&TEXT(DAY(F78),"00") -> 2028_04_25 | X78: =YEAR(I78)&"_"&TEXT(MONTH(I78),"00")&"_"&TEXT(DAY(I78),"00") -> 2028_07_25 | AA78: =YEAR(L78)&"_"&TEXT(MONTH(L78),"00")&"_"&TEXT(DAY(L78),"00") -> 2028_10_24 | AD78: =YEAR(O78)&"_"&TEXT(MONTH(O78),"00")&"_"&TEXT(DAY(O78),"00") -> 2029_01_23 | AF78: =YEAR(Q78)&"_"&TEXT(MONTH(Q78),"00")&"_"&TEXT(DAY(Q78),"00") -> 2029_03_27
D79: FY29 | E79: =TEXT( F79, "ddd") -> Wed | F79: =F78+1 -> 46869 | I79: =I78+1 -> 46960 | L79: =L78+1 -> 47051 | O79: =O78+1 -> 47142 | Q79: =Q78+1 -> 47205 | U79: =YEAR(F79)&"_"&TEXT(MONTH(F79),"00")&"_"&TEXT(DAY(F79),"00") -> 2028_04_26 | X79: =YEAR(I79)&"_"&TEXT(MONTH(I79),"00")&"_"&TEXT(DAY(I79),"00") -> 2028_07_26 | AA79: =YEAR(L79)&"_"&TEXT(MONTH(L79),"00")&"_"&TEXT(DAY(L79),"00") -> 2028_10_25 | AD79: =YEAR(O79)&"_"&TEXT(MONTH(O79),"00")&"_"&TEXT(DAY(O79),"00") -> 2029_01_24 | AF79: =YEAR(Q79)&"_"&TEXT(MONTH(Q79),"00")&"_"&TEXT(DAY(Q79),"00") -> 2029_03_28
D80: FY29 | E80: =TEXT( F80, "ddd") -> Thu | F80: =F79+1 -> 46870 | I80: =I79+1 -> 46961 | L80: =L79+1 -> 47052 | O80: =O79+1 -> 47143 | Q80: =Q79+1 -> 47206 | U80: =YEAR(F80)&"_"&TEXT(MONTH(F80),"00")&"_"&TEXT(DAY(F80),"00") -> 2028_04_27 | X80: =YEAR(I80)&"_"&TEXT(MONTH(I80),"00")&"_"&TEXT(DAY(I80),"00") -> 2028_07_27 | AA80: =YEAR(L80)&"_"&TEXT(MONTH(L80),"00")&"_"&TEXT(DAY(L80),"00") -> 2028_10_26 | AD80: =YEAR(O80)&"_"&TEXT(MONTH(O80),"00")&"_"&TEXT(DAY(O80),"00") -> 2029_01_25 | AF80: =YEAR(Q80)&"_"&TEXT(MONTH(Q80),"00")&"_"&TEXT(DAY(Q80),"00") -> 2029_03_29
D81: FY29 | E81: =TEXT( F81, "ddd") -> Fri | F81: =F80+1 -> 46871 | I81: =I80+1 -> 46962 | L81: =L80+1 -> 47053 | O81: =O80+1 -> 47144 | Q81: =Q80+1 -> 47207 | U81: =YEAR(F81)&"_"&TEXT(MONTH(F81),"00")&"_"&TEXT(DAY(F81),"00") -> 2028_04_28 | X81: =YEAR(I81)&"_"&TEXT(MONTH(I81),"00")&"_"&TEXT(DAY(I81),"00") -> 2028_07_28 | AA81: =YEAR(L81)&"_"&TEXT(MONTH(L81),"00")&"_"&TEXT(DAY(L81),"00") -> 2028_10_27 | AD81: =YEAR(O81)&"_"&TEXT(MONTH(O81),"00")&"_"&TEXT(DAY(O81),"00") -> 2029_01_26 | AF81: =YEAR(Q81)&"_"&TEXT(MONTH(Q81),"00")&"_"&TEXT(DAY(Q81),"00") -> 2029_03_30
C84: FY30 | D84: FY30 | E84: =TEXT( F84, "ddd") -> Mon | F84: =Q81+3 -> 47210 | G84: =F108+3 -> 47245 | H84: =G103+3 -> 47273 | I84: =H103+3 -> 47301 | J84: =I108+3 -> 47336 | K84: =J103+3 -> 47364 | L84: =K103+3 -> 47392 | M84: =L108+3 -> 47427 | N84: =M103+3 -> 47455 | O84: =N103+3 -> 47483 | P84: =O108+3 -> 47518 | Q84: =P103+3 -> 47546 | U84: =YEAR(F84)&"_"&TEXT(MONTH(F84),"00")&"_"&TEXT(DAY(F84),"00") -> 2029_04_02 | V84: =YEAR(G84)&"_"&TEXT(MONTH(G84),"00")&"_"&TEXT(DAY(G84),"00") -> 2029_05_07 | W84: =YEAR(H84)&"_"&TEXT(MONTH(H84),"00")&"_"&TEXT(DAY(H84),"00") -> 2029_06_04 | X84: =YEAR(I84)&"_"&TEXT(MONTH(I84),"00")&"_"&TEXT(DAY(I84),"00") -> 2029_07_02 | Y84: =YEAR(J84)&"_"&TEXT(MONTH(J84),"00")&"_"&TEXT(DAY(J84),"00") -> 2029_08_06 | Z84: =YEAR(K84)&"_"&TEXT(MONTH(K84),"00")&"_"&TEXT(DAY(K84),"00") -> 2029_09_03 | AA84: =YEAR(L84)&"_"&TEXT(MONTH(L84),"00")&"_"&TEXT(DAY(L84),"00") -> 2029_10_01 | AB84: =YEAR(M84)&"_"&TEXT(MONTH(M84),"00")&"_"&TEXT(DAY(M84),"00") -> 2029_11_05 | ... AF84: =YEAR(Q84)&"_"&TEXT(MONTH(Q84),"00")&"_"&TEXT(DAY(Q84),"00") -> 2030_03_04
D85: FY30 | E85: =TEXT( F85, "ddd") -> Tue | F85: =F84+1 -> 47211 | G85: =G84+1 -> 47246 | H85: =H84+1 -> 47274 | I85: =I84+1 -> 47302 | J85: =J84+1 -> 47337 | K85: =K84+1 -> 47365 | L85: =L84+1 -> 47393 | M85: =M84+1 -> 47428 | ... Q85: =Q84+1 -> 47547 | U85: =YEAR(F85)&"_"&TEXT(MONTH(F85),"00")&"_"&TEXT(DAY(F85),"00") -> 2029_04_03 | V85: =YEAR(G85)&"_"&TEXT(MONTH(G85),"00")&"_"&TEXT(DAY(G85),"00") -> 2029_05_08 | W85: =YEAR(H85)&"_"&TEXT(MONTH(H85),"00")&"_"&TEXT(DAY(H85),"00") -> 2029_06_05 | X85: =YEAR(I85)&"_"&TEXT(MONTH(I85),"00")&"_"&TEXT(DAY(I85),"00") -> 2029_07_03 | Y85: =YEAR(J85)&"_"&TEXT(MONTH(J85),"00")&"_"&TEXT(DAY(J85),"00") -> 2029_08_07 | Z85: =YEAR(K85)&"_"&TEXT(MONTH(K85),"00")&"_"&TEXT(DAY(K85),"00") -> 2029_09_04 | AA85: =YEAR(L85)&"_"&TEXT(MONTH(L85),"00")&"_"&TEXT(DAY(L85),"00") -> 2029_10_02 | AB85: =YEAR(M85)&"_"&TEXT(MONTH(M85),"00")&"_"&TEXT(DAY(M85),"00") -> 2029_11_06 | ... AF85: =YEAR(Q85)&"_"&TEXT(MONTH(Q85),"00")&"_"&TEXT(DAY(Q85),"00") -> 2030_03_05
D86: FY30 | E86: =TEXT( F86, "ddd") -> Wed | F86: =F85+1 -> 47212 | G86: =G85+1 -> 47247 | H86: =H85+1 -> 47275 | I86: =I85+1 -> 47303 | J86: =J85+1 -> 47338 | K86: =K85+1 -> 47366 | L86: =L85+1 -> 47394 | M86: =M85+1 -> 47429 | ... Q86: =Q85+1 -> 47548 | U86: =YEAR(F86)&"_"&TEXT(MONTH(F86),"00")&"_"&TEXT(DAY(F86),"00") -> 2029_04_04 | V86: =YEAR(G86)&"_"&TEXT(MONTH(G86),"00")&"_"&TEXT(DAY(G86),"00") -> 2029_05_09 | W86: =YEAR(H86)&"_"&TEXT(MONTH(H86),"00")&"_"&TEXT(DAY(H86),"00") -> 2029_06_06 | X86: =YEAR(I86)&"_"&TEXT(MONTH(I86),"00")&"_"&TEXT(DAY(I86),"00") -> 2029_07_04 | Y86: =YEAR(J86)&"_"&TEXT(MONTH(J86),"00")&"_"&TEXT(DAY(J86),"00") -> 2029_08_08 | Z86: =YEAR(K86)&"_"&TEXT(MONTH(K86),"00")&"_"&TEXT(DAY(K86),"00") -> 2029_09_05 | AA86: =YEAR(L86)&"_"&TEXT(MONTH(L86),"00")&"_"&TEXT(DAY(L86),"00") -> 2029_10_03 | AB86: =YEAR(M86)&"_"&TEXT(MONTH(M86),"00")&"_"&TEXT(DAY(M86),"00") -> 2029_11_07 | ... AF86: =YEAR(Q86)&"_"&TEXT(MONTH(Q86),"00")&"_"&TEXT(DAY(Q86),"00") -> 2030_03_06
D87: FY30 | E87: =TEXT( F87, "ddd") -> Thu | F87: =F86+1 -> 47213 | G87: =G86+1 -> 47248 | H87: =H86+1 -> 47276 | I87: =I86+1 -> 47304 | J87: =J86+1 -> 47339 | K87: =K86+1 -> 47367 | L87: =L86+1 -> 47395 | M87: =M86+1 -> 47430 | ... Q87: =Q86+1 -> 47549 | U87: =YEAR(F87)&"_"&TEXT(MONTH(F87),"00")&"_"&TEXT(DAY(F87),"00") -> 2029_04_05 | V87: =YEAR(G87)&"_"&TEXT(MONTH(G87),"00")&"_"&TEXT(DAY(G87),"00") -> 2029_05_10 | W87: =YEAR(H87)&"_"&TEXT(MONTH(H87),"00")&"_"&TEXT(DAY(H87),"00") -> 2029_06_07 | X87: =YEAR(I87)&"_"&TEXT(MONTH(I87),"00")&"_"&TEXT(DAY(I87),"00") -> 2029_07_05 | Y87: =YEAR(J87)&"_"&TEXT(MONTH(J87),"00")&"_"&TEXT(DAY(J87),"00") -> 2029_08_09 | Z87: =YEAR(K87)&"_"&TEXT(MONTH(K87),"00")&"_"&TEXT(DAY(K87),"00") -> 2029_09_06 | AA87: =YEAR(L87)&"_"&TEXT(MONTH(L87),"00")&"_"&TEXT(DAY(L87),"00") -> 2029_10_04 | AB87: =YEAR(M87)&"_"&TEXT(MONTH(M87),"00")&"_"&TEXT(DAY(M87),"00") -> 2029_11_08 | ... AF87: =YEAR(Q87)&"_"&TEXT(MONTH(Q87),"00")&"_"&TEXT(DAY(Q87),"00") -> 2030_03_07
D88: FY30 | E88: =TEXT( F88, "ddd") -> Fri | F88: =F87+1 -> 47214 | G88: =G87+1 -> 47249 | H88: =H87+1 -> 47277 | I88: =I87+1 -> 47305 | J88: =J87+1 -> 47340 | K88: =K87+1 -> 47368 | L88: =L87+1 -> 47396 | M88: =M87+1 -> 47431 | ... Q88: =Q87+1 -> 47550 | U88: =YEAR(F88)&"_"&TEXT(MONTH(F88),"00")&"_"&TEXT(DAY(F88),"00") -> 2029_04_06 | V88: =YEAR(G88)&"_"&TEXT(MONTH(G88),"00")&"_"&TEXT(DAY(G88),"00") -> 2029_05_11 | W88: =YEAR(H88)&"_"&TEXT(MONTH(H88),"00")&"_"&TEXT(DAY(H88),"00") -> 2029_06_08 | X88: =YEAR(I88)&"_"&TEXT(MONTH(I88),"00")&"_"&TEXT(DAY(I88),"00") -> 2029_07_06 | Y88: =YEAR(J88)&"_"&TEXT(MONTH(J88),"00")&"_"&TEXT(DAY(J88),"00") -> 2029_08_10 | Z88: =YEAR(K88)&"_"&TEXT(MONTH(K88),"00")&"_"&TEXT(DAY(K88),"00") -> 2029_09_07 | AA88: =YEAR(L88)&"_"&TEXT(MONTH(L88),"00")&"_"&TEXT(DAY(L88),"00") -> 2029_10_05 | AB88: =YEAR(M88)&"_"&TEXT(MONTH(M88),"00")&"_"&TEXT(DAY(M88),"00") -> 2029_11_09 | ... AF88: =YEAR(Q88)&"_"&TEXT(MONTH(Q88),"00")&"_"&TEXT(DAY(Q88),"00") -> 2030_03_08
D89: FY30 | E89: =TEXT( F89, "ddd") -> Mon | F89: =F88+3 -> 47217 | G89: =G88+3 -> 47252 | H89: =H88+3 -> 47280 | I89: =I88+3 -> 47308 | J89: =J88+3 -> 47343 | K89: =K88+3 -> 47371 | L89: =L88+3 -> 47399 | M89: =M88+3 -> 47434 | ... Q89: =Q88+3 -> 47553 | U89: =YEAR(F89)&"_"&TEXT(MONTH(F89),"00")&"_"&TEXT(DAY(F89),"00") -> 2029_04_09 | V89: =YEAR(G89)&"_"&TEXT(MONTH(G89),"00")&"_"&TEXT(DAY(G89),"00") -> 2029_05_14 | W89: =YEAR(H89)&"_"&TEXT(MONTH(H89),"00")&"_"&TEXT(DAY(H89),"00") -> 2029_06_11 | X89: =YEAR(I89)&"_"&TEXT(MONTH(I89),"00")&"_"&TEXT(DAY(I89),"00") -> 2029_07_09 | Y89: =YEAR(J89)&"_"&TEXT(MONTH(J89),"00")&"_"&TEXT(DAY(J89),"00") -> 2029_08_13 | Z89: =YEAR(K89)&"_"&TEXT(MONTH(K89),"00")&"_"&TEXT(DAY(K89),"00") -> 2029_09_10 | AA89: =YEAR(L89)&"_"&TEXT(MONTH(L89),"00")&"_"&TEXT(DAY(L89),"00") -> 2029_10_08 | AB89: =YEAR(M89)&"_"&TEXT(MONTH(M89),"00")&"_"&TEXT(DAY(M89),"00") -> 2029_11_12 | ... AF89: =YEAR(Q89)&"_"&TEXT(MONTH(Q89),"00")&"_"&TEXT(DAY(Q89),"00") -> 2030_03_11
D90: FY30 | E90: =TEXT( F90, "ddd") -> Tue | F90: =F89+1 -> 47218 | G90: =G89+1 -> 47253 | H90: =H89+1 -> 47281 | I90: =I89+1 -> 47309 | J90: =J89+1 -> 47344 | K90: =K89+1 -> 47372 | L90: =L89+1 -> 47400 | M90: =M89+1 -> 47435 | ... Q90: =Q89+1 -> 47554 | U90: =YEAR(F90)&"_"&TEXT(MONTH(F90),"00")&"_"&TEXT(DAY(F90),"00") -> 2029_04_10 | V90: =YEAR(G90)&"_"&TEXT(MONTH(G90),"00")&"_"&TEXT(DAY(G90),"00") -> 2029_05_15 | W90: =YEAR(H90)&"_"&TEXT(MONTH(H90),"00")&"_"&TEXT(DAY(H90),"00") -> 2029_06_12 | X90: =YEAR(I90)&"_"&TEXT(MONTH(I90),"00")&"_"&TEXT(DAY(I90),"00") -> 2029_07_10 | Y90: =YEAR(J90)&"_"&TEXT(MONTH(J90),"00")&"_"&TEXT(DAY(J90),"00") -> 2029_08_14 | Z90: =YEAR(K90)&"_"&TEXT(MONTH(K90),"00")&"_"&TEXT(DAY(K90),"00") -> 2029_09_11 | AA90: =YEAR(L90)&"_"&TEXT(MONTH(L90),"00")&"_"&TEXT(DAY(L90),"00") -> 2029_10_09 | AB90: =YEAR(M90)&"_"&TEXT(MONTH(M90),"00")&"_"&TEXT(DAY(M90),"00") -> 2029_11_13 | ... AF90: =YEAR(Q90)&"_"&TEXT(MONTH(Q90),"00")&"_"&TEXT(DAY(Q90),"00") -> 2030_03_12
D91: FY30 | E91: =TEXT( F91, "ddd") -> Wed | F91: =F90+1 -> 47219 | G91: =G90+1 -> 47254 | H91: =H90+1 -> 47282 | I91: =I90+1 -> 47310 | J91: =J90+1 -> 47345 | K91: =K90+1 -> 47373 | L91: =L90+1 -> 47401 | M91: =M90+1 -> 47436 | ... Q91: =Q90+1 -> 47555 | U91: =YEAR(F91)&"_"&TEXT(MONTH(F91),"00")&"_"&TEXT(DAY(F91),"00") -> 2029_04_11 | V91: =YEAR(G91)&"_"&TEXT(MONTH(G91),"00")&"_"&TEXT(DAY(G91),"00") -> 2029_05_16 | W91: =YEAR(H91)&"_"&TEXT(MONTH(H91),"00")&"_"&TEXT(DAY(H91),"00") -> 2029_06_13 | X91: =YEAR(I91)&"_"&TEXT(MONTH(I91),"00")&"_"&TEXT(DAY(I91),"00") -> 2029_07_11 | Y91: =YEAR(J91)&"_"&TEXT(MONTH(J91),"00")&"_"&TEXT(DAY(J91),"00") -> 2029_08_15 | Z91: =YEAR(K91)&"_"&TEXT(MONTH(K91),"00")&"_"&TEXT(DAY(K91),"00") -> 2029_09_12 | AA91: =YEAR(L91)&"_"&TEXT(MONTH(L91),"00")&"_"&TEXT(DAY(L91),"00") -> 2029_10_10 | AB91: =YEAR(M91)&"_"&TEXT(MONTH(M91),"00")&"_"&TEXT(DAY(M91),"00") -> 2029_11_14 | ... AF91: =YEAR(Q91)&"_"&TEXT(MONTH(Q91),"00")&"_"&TEXT(DAY(Q91),"00") -> 2030_03_13
D92: FY30 | E92: =TEXT( F92, "ddd") -> Thu | F92: =F91+1 -> 47220 | G92: =G91+1 -> 47255 | H92: =H91+1 -> 47283 | I92: =I91+1 -> 47311 | J92: =J91+1 -> 47346 | K92: =K91+1 -> 47374 | L92: =L91+1 -> 47402 | M92: =M91+1 -> 47437 | ... Q92: =Q91+1 -> 47556 | U92: =YEAR(F92)&"_"&TEXT(MONTH(F92),"00")&"_"&TEXT(DAY(F92),"00") -> 2029_04_12 | V92: =YEAR(G92)&"_"&TEXT(MONTH(G92),"00")&"_"&TEXT(DAY(G92),"00") -> 2029_05_17 | W92: =YEAR(H92)&"_"&TEXT(MONTH(H92),"00")&"_"&TEXT(DAY(H92),"00") -> 2029_06_14 | X92: =YEAR(I92)&"_"&TEXT(MONTH(I92),"00")&"_"&TEXT(DAY(I92),"00") -> 2029_07_12 | Y92: =YEAR(J92)&"_"&TEXT(MONTH(J92),"00")&"_"&TEXT(DAY(J92),"00") -> 2029_08_16 | Z92: =YEAR(K92)&"_"&TEXT(MONTH(K92),"00")&"_"&TEXT(DAY(K92),"00") -> 2029_09_13 | AA92: =YEAR(L92)&"_"&TEXT(MONTH(L92),"00")&"_"&TEXT(DAY(L92),"00") -> 2029_10_11 | AB92: =YEAR(M92)&"_"&TEXT(MONTH(M92),"00")&"_"&TEXT(DAY(M92),"00") -> 2029_11_15 | ... AF92: =YEAR(Q92)&"_"&TEXT(MONTH(Q92),"00")&"_"&TEXT(DAY(Q92),"00") -> 2030_03_14
D93: FY30 | E93: =TEXT( F93, "ddd") -> Fri | F93: =F92+1 -> 47221 | G93: =G92+1 -> 47256 | H93: =H92+1 -> 47284 | I93: =I92+1 -> 47312 | J93: =J92+1 -> 47347 | K93: =K92+1 -> 47375 | L93: =L92+1 -> 47403 | M93: =M92+1 -> 47438 | ... Q93: =Q92+1 -> 47557 | U93: =YEAR(F93)&"_"&TEXT(MONTH(F93),"00")&"_"&TEXT(DAY(F93),"00") -> 2029_04_13 | V93: =YEAR(G93)&"_"&TEXT(MONTH(G93),"00")&"_"&TEXT(DAY(G93),"00") -> 2029_05_18 | W93: =YEAR(H93)&"_"&TEXT(MONTH(H93),"00")&"_"&TEXT(DAY(H93),"00") -> 2029_06_15 | X93: =YEAR(I93)&"_"&TEXT(MONTH(I93),"00")&"_"&TEXT(DAY(I93),"00") -> 2029_07_13 | Y93: =YEAR(J93)&"_"&TEXT(MONTH(J93),"00")&"_"&TEXT(DAY(J93),"00") -> 2029_08_17 | Z93: =YEAR(K93)&"_"&TEXT(MONTH(K93),"00")&"_"&TEXT(DAY(K93),"00") -> 2029_09_14 | AA93: =YEAR(L93)&"_"&TEXT(MONTH(L93),"00")&"_"&TEXT(DAY(L93),"00") -> 2029_10_12 | AB93: =YEAR(M93)&"_"&TEXT(MONTH(M93),"00")&"_"&TEXT(DAY(M93),"00") -> 2029_11_16 | ... AF93: =YEAR(Q93)&"_"&TEXT(MONTH(Q93),"00")&"_"&TEXT(DAY(Q93),"00") -> 2030_03_15
D94: FY30 | E94: =TEXT( F94, "ddd") -> Mon | F94: =F93+3 -> 47224 | G94: =G93+3 -> 47259 | H94: =H93+3 -> 47287 | I94: =I93+3 -> 47315 | J94: =J93+3 -> 47350 | K94: =K93+3 -> 47378 | L94: =L93+3 -> 47406 | M94: =M93+3 -> 47441 | ... Q94: =Q93+3 -> 47560 | U94: =YEAR(F94)&"_"&TEXT(MONTH(F94),"00")&"_"&TEXT(DAY(F94),"00") -> 2029_04_16 | V94: =YEAR(G94)&"_"&TEXT(MONTH(G94),"00")&"_"&TEXT(DAY(G94),"00") -> 2029_05_21 | W94: =YEAR(H94)&"_"&TEXT(MONTH(H94),"00")&"_"&TEXT(DAY(H94),"00") -> 2029_06_18 | X94: =YEAR(I94)&"_"&TEXT(MONTH(I94),"00")&"_"&TEXT(DAY(I94),"00") -> 2029_07_16 | Y94: =YEAR(J94)&"_"&TEXT(MONTH(J94),"00")&"_"&TEXT(DAY(J94),"00") -> 2029_08_20 | Z94: =YEAR(K94)&"_"&TEXT(MONTH(K94),"00")&"_"&TEXT(DAY(K94),"00") -> 2029_09_17 | AA94: =YEAR(L94)&"_"&TEXT(MONTH(L94),"00")&"_"&TEXT(DAY(L94),"00") -> 2029_10_15 | AB94: =YEAR(M94)&"_"&TEXT(MONTH(M94),"00")&"_"&TEXT(DAY(M94),"00") -> 2029_11_19 | ... AF94: =YEAR(Q94)&"_"&TEXT(MONTH(Q94),"00")&"_"&TEXT(DAY(Q94),"00") -> 2030_03_18
D95: FY30 | E95: =TEXT( F95, "ddd") -> Tue | F95: =F94+1 -> 47225 | G95: =G94+1 -> 47260 | H95: =H94+1 -> 47288 | I95: =I94+1 -> 47316 | J95: =J94+1 -> 47351 | K95: =K94+1 -> 47379 | L95: =L94+1 -> 47407 | M95: =M94+1 -> 47442 | ... Q95: =Q94+1 -> 47561 | U95: =YEAR(F95)&"_"&TEXT(MONTH(F95),"00")&"_"&TEXT(DAY(F95),"00") -> 2029_04_17 | V95: =YEAR(G95)&"_"&TEXT(MONTH(G95),"00")&"_"&TEXT(DAY(G95),"00") -> 2029_05_22 | W95: =YEAR(H95)&"_"&TEXT(MONTH(H95),"00")&"_"&TEXT(DAY(H95),"00") -> 2029_06_19 | X95: =YEAR(I95)&"_"&TEXT(MONTH(I95),"00")&"_"&TEXT(DAY(I95),"00") -> 2029_07_17 | Y95: =YEAR(J95)&"_"&TEXT(MONTH(J95),"00")&"_"&TEXT(DAY(J95),"00") -> 2029_08_21 | Z95: =YEAR(K95)&"_"&TEXT(MONTH(K95),"00")&"_"&TEXT(DAY(K95),"00") -> 2029_09_18 | AA95: =YEAR(L95)&"_"&TEXT(MONTH(L95),"00")&"_"&TEXT(DAY(L95),"00") -> 2029_10_16 | AB95: =YEAR(M95)&"_"&TEXT(MONTH(M95),"00")&"_"&TEXT(DAY(M95),"00") -> 2029_11_20 | ... AF95: =YEAR(Q95)&"_"&TEXT(MONTH(Q95),"00")&"_"&TEXT(DAY(Q95),"00") -> 2030_03_19
D96: FY30 | E96: =TEXT( F96, "ddd") -> Wed | F96: =F95+1 -> 47226 | G96: =G95+1 -> 47261 | H96: =H95+1 -> 47289 | I96: =I95+1 -> 47317 | J96: =J95+1 -> 47352 | K96: =K95+1 -> 47380 | L96: =L95+1 -> 47408 | M96: =M95+1 -> 47443 | ... Q96: =Q95+1 -> 47562 | U96: =YEAR(F96)&"_"&TEXT(MONTH(F96),"00")&"_"&TEXT(DAY(F96),"00") -> 2029_04_18 | V96: =YEAR(G96)&"_"&TEXT(MONTH(G96),"00")&"_"&TEXT(DAY(G96),"00") -> 2029_05_23 | W96: =YEAR(H96)&"_"&TEXT(MONTH(H96),"00")&"_"&TEXT(DAY(H96),"00") -> 2029_06_20 | X96: =YEAR(I96)&"_"&TEXT(MONTH(I96),"00")&"_"&TEXT(DAY(I96),"00") -> 2029_07_18 | Y96: =YEAR(J96)&"_"&TEXT(MONTH(J96),"00")&"_"&TEXT(DAY(J96),"00") -> 2029_08_22 | Z96: =YEAR(K96)&"_"&TEXT(MONTH(K96),"00")&"_"&TEXT(DAY(K96),"00") -> 2029_09_19 | AA96: =YEAR(L96)&"_"&TEXT(MONTH(L96),"00")&"_"&TEXT(DAY(L96),"00") -> 2029_10_17 | AB96: =YEAR(M96)&"_"&TEXT(MONTH(M96),"00")&"_"&TEXT(DAY(M96),"00") -> 2029_11_21 | ... AF96: =YEAR(Q96)&"_"&TEXT(MONTH(Q96),"00")&"_"&TEXT(DAY(Q96),"00") -> 2030_03_20
D97: FY30 | E97: =TEXT( F97, "ddd") -> Thu | F97: =F96+1 -> 47227 | G97: =G96+1 -> 47262 | H97: =H96+1 -> 47290 | I97: =I96+1 -> 47318 | J97: =J96+1 -> 47353 | K97: =K96+1 -> 47381 | L97: =L96+1 -> 47409 | M97: =M96+1 -> 47444 | ... Q97: =Q96+1 -> 47563 | U97: =YEAR(F97)&"_"&TEXT(MONTH(F97),"00")&"_"&TEXT(DAY(F97),"00") -> 2029_04_19 | V97: =YEAR(G97)&"_"&TEXT(MONTH(G97),"00")&"_"&TEXT(DAY(G97),"00") -> 2029_05_24 | W97: =YEAR(H97)&"_"&TEXT(MONTH(H97),"00")&"_"&TEXT(DAY(H97),"00") -> 2029_06_21 | X97: =YEAR(I97)&"_"&TEXT(MONTH(I97),"00")&"_"&TEXT(DAY(I97),"00") -> 2029_07_19 | Y97: =YEAR(J97)&"_"&TEXT(MONTH(J97),"00")&"_"&TEXT(DAY(J97),"00") -> 2029_08_23 | Z97: =YEAR(K97)&"_"&TEXT(MONTH(K97),"00")&"_"&TEXT(DAY(K97),"00") -> 2029_09_20 | AA97: =YEAR(L97)&"_"&TEXT(MONTH(L97),"00")&"_"&TEXT(DAY(L97),"00") -> 2029_10_18 | AB97: =YEAR(M97)&"_"&TEXT(MONTH(M97),"00")&"_"&TEXT(DAY(M97),"00") -> 2029_11_22 | ... AF97: =YEAR(Q97)&"_"&TEXT(MONTH(Q97),"00")&"_"&TEXT(DAY(Q97),"00") -> 2030_03_21
D98: FY30 | E98: =TEXT( F98, "ddd") -> Fri | F98: =F97+1 -> 47228 | G98: =G97+1 -> 47263 | H98: =H97+1 -> 47291 | I98: =I97+1 -> 47319 | J98: =J97+1 -> 47354 | K98: =K97+1 -> 47382 | L98: =L97+1 -> 47410 | M98: =M97+1 -> 47445 | ... Q98: =Q97+1 -> 47564 | U98: =YEAR(F98)&"_"&TEXT(MONTH(F98),"00")&"_"&TEXT(DAY(F98),"00") -> 2029_04_20 | V98: =YEAR(G98)&"_"&TEXT(MONTH(G98),"00")&"_"&TEXT(DAY(G98),"00") -> 2029_05_25 | W98: =YEAR(H98)&"_"&TEXT(MONTH(H98),"00")&"_"&TEXT(DAY(H98),"00") -> 2029_06_22 | X98: =YEAR(I98)&"_"&TEXT(MONTH(I98),"00")&"_"&TEXT(DAY(I98),"00") -> 2029_07_20 | Y98: =YEAR(J98)&"_"&TEXT(MONTH(J98),"00")&"_"&TEXT(DAY(J98),"00") -> 2029_08_24 | Z98: =YEAR(K98)&"_"&TEXT(MONTH(K98),"00")&"_"&TEXT(DAY(K98),"00") -> 2029_09_21 | AA98: =YEAR(L98)&"_"&TEXT(MONTH(L98),"00")&"_"&TEXT(DAY(L98),"00") -> 2029_10_19 | AB98: =YEAR(M98)&"_"&TEXT(MONTH(M98),"00")&"_"&TEXT(DAY(M98),"00") -> 2029_11_23 | ... AF98: =YEAR(Q98)&"_"&TEXT(MONTH(Q98),"00")&"_"&TEXT(DAY(Q98),"00") -> 2030_03_22
D99: FY30 | E99: =TEXT( F99, "ddd") -> Mon | F99: =F98+3 -> 47231 | G99: =G98+3 -> 47266 | H99: =H98+3 -> 47294 | I99: =I98+3 -> 47322 | J99: =J98+3 -> 47357 | K99: =K98+3 -> 47385 | L99: =L98+3 -> 47413 | M99: =M98+3 -> 47448 | ... Q99: =Q98+3 -> 47567 | U99: =YEAR(F99)&"_"&TEXT(MONTH(F99),"00")&"_"&TEXT(DAY(F99),"00") -> 2029_04_23 | V99: =YEAR(G99)&"_"&TEXT(MONTH(G99),"00")&"_"&TEXT(DAY(G99),"00") -> 2029_05_28 | W99: =YEAR(H99)&"_"&TEXT(MONTH(H99),"00")&"_"&TEXT(DAY(H99),"00") -> 2029_06_25 | X99: =YEAR(I99)&"_"&TEXT(MONTH(I99),"00")&"_"&TEXT(DAY(I99),"00") -> 2029_07_23 | Y99: =YEAR(J99)&"_"&TEXT(MONTH(J99),"00")&"_"&TEXT(DAY(J99),"00") -> 2029_08_27 | Z99: =YEAR(K99)&"_"&TEXT(MONTH(K99),"00")&"_"&TEXT(DAY(K99),"00") -> 2029_09_24 | AA99: =YEAR(L99)&"_"&TEXT(MONTH(L99),"00")&"_"&TEXT(DAY(L99),"00") -> 2029_10_22 | AB99: =YEAR(M99)&"_"&TEXT(MONTH(M99),"00")&"_"&TEXT(DAY(M99),"00") -> 2029_11_26 | ... AF99: =YEAR(Q99)&"_"&TEXT(MONTH(Q99),"00")&"_"&TEXT(DAY(Q99),"00") -> 2030_03_25
D100: FY30 | E100: =TEXT( F100, "ddd") -> Tue | F100: =F99+1 -> 47232 | G100: =G99+1 -> 47267 | H100: =H99+1 -> 47295 | I100: =I99+1 -> 47323 | J100: =J99+1 -> 47358 | K100: =K99+1 -> 47386 | L100: =L99+1 -> 47414 | M100: =M99+1 -> 47449 | ... Q100: =Q99+1 -> 47568 | U100: =YEAR(F100)&"_"&TEXT(MONTH(F100),"00")&"_"&TEXT(DAY(F100),"00") -> 2029_04_24 | V100: =YEAR(G100)&"_"&TEXT(MONTH(G100),"00")&"_"&TEXT(DAY(G100),"00") -> 2029_05_29 | W100: =YEAR(H100)&"_"&TEXT(MONTH(H100),"00")&"_"&TEXT(DAY(H100),"00") -> 2029_06_26 | X100: =YEAR(I100)&"_"&TEXT(MONTH(I100),"00")&"_"&TEXT(DAY(I100),"00") -> 2029_07_24 | Y100: =YEAR(J100)&"_"&TEXT(MONTH(J100),"00")&"_"&TEXT(DAY(J100),"00") -> 2029_08_28 | Z100: =YEAR(K100)&"_"&TEXT(MONTH(K100),"00")&"_"&TEXT(DAY(K100),"00") -> 2029_09_25 | AA100: =YEAR(L100)&"_"&TEXT(MONTH(L100),"00")&"_"&TEXT(DAY(L100),"00") -> 2029_10_23 | AB100: =YEAR(M100)&"_"&TEXT(MONTH(M100),"00")&"_"&TEXT(DAY(M100),"00") -> 2029_11_27 | ... AF100: =YEAR(Q100)&"_"&TEXT(MONTH(Q100),"00")&"_"&TEXT(DAY(Q100),"00") -> 2030_03_26
D101: FY30 | E101: =TEXT( F101, "ddd") -> Wed | F101: =F100+1 -> 47233 | G101: =G100+1 -> 47268 | H101: =H100+1 -> 47296 | I101: =I100+1 -> 47324 | J101: =J100+1 -> 47359 | K101: =K100+1 -> 47387 | L101: =L100+1 -> 47415 | M101: =M100+1 -> 47450 | ... Q101: =Q100+1 -> 47569 | U101: =YEAR(F101)&"_"&TEXT(MONTH(F101),"00")&"_"&TEXT(DAY(F101),"00") -> 2029_04_25 | V101: =YEAR(G101)&"_"&TEXT(MONTH(G101),"00")&"_"&TEXT(DAY(G101),"00") -> 2029_05_30 | W101: =YEAR(H101)&"_"&TEXT(MONTH(H101),"00")&"_"&TEXT(DAY(H101),"00") -> 2029_06_27 | X101: =YEAR(I101)&"_"&TEXT(MONTH(I101),"00")&"_"&TEXT(DAY(I101),"00") -> 2029_07_25 | Y101: =YEAR(J101)&"_"&TEXT(MONTH(J101),"00")&"_"&TEXT(DAY(J101),"00") -> 2029_08_29 | Z101: =YEAR(K101)&"_"&TEXT(MONTH(K101),"00")&"_"&TEXT(DAY(K101),"00") -> 2029_09_26 | AA101: =YEAR(L101)&"_"&TEXT(MONTH(L101),"00")&"_"&TEXT(DAY(L101),"00") -> 2029_10_24 | AB101: =YEAR(M101)&"_"&TEXT(MONTH(M101),"00")&"_"&TEXT(DAY(M101),"00") -> 2029_11_28 | ... AF101: =YEAR(Q101)&"_"&TEXT(MONTH(Q101),"00")&"_"&TEXT(DAY(Q101),"00") -> 2030_03_27
D102: FY30 | E102: =TEXT( F102, "ddd") -> Thu | F102: =F101+1 -> 47234 | G102: =G101+1 -> 47269 | H102: =H101+1 -> 47297 | I102: =I101+1 -> 47325 | J102: =J101+1 -> 47360 | K102: =K101+1 -> 47388 | L102: =L101+1 -> 47416 | M102: =M101+1 -> 47451 | ... Q102: =Q101+1 -> 47570 | U102: =YEAR(F102)&"_"&TEXT(MONTH(F102),"00")&"_"&TEXT(DAY(F102),"00") -> 2029_04_26 | V102: =YEAR(G102)&"_"&TEXT(MONTH(G102),"00")&"_"&TEXT(DAY(G102),"00") -> 2029_05_31 | W102: =YEAR(H102)&"_"&TEXT(MONTH(H102),"00")&"_"&TEXT(DAY(H102),"00") -> 2029_06_28 | X102: =YEAR(I102)&"_"&TEXT(MONTH(I102),"00")&"_"&TEXT(DAY(I102),"00") -> 2029_07_26 | Y102: =YEAR(J102)&"_"&TEXT(MONTH(J102),"00")&"_"&TEXT(DAY(J102),"00") -> 2029_08_30 | Z102: =YEAR(K102)&"_"&TEXT(MONTH(K102),"00")&"_"&TEXT(DAY(K102),"00") -> 2029_09_27 | AA102: =YEAR(L102)&"_"&TEXT(MONTH(L102),"00")&"_"&TEXT(DAY(L102),"00") -> 2029_10_25 | AB102: =YEAR(M102)&"_"&TEXT(MONTH(M102),"00")&"_"&TEXT(DAY(M102),"00") -> 2029_11_29 | ... AF102: =YEAR(Q102)&"_"&TEXT(MONTH(Q102),"00")&"_"&TEXT(DAY(Q102),"00") -> 2030_03_28
D103: FY30 | E103: =TEXT( F103, "ddd") -> Fri | F103: =F102+1 -> 47235 | G103: =G102+1 -> 47270 | H103: =H102+1 -> 47298 | I103: =I102+1 -> 47326 | J103: =J102+1 -> 47361 | K103: =K102+1 -> 47389 | L103: =L102+1 -> 47417 | M103: =M102+1 -> 47452 | ... Q103: =Q102+1 -> 47571 | U103: =YEAR(F103)&"_"&TEXT(MONTH(F103),"00")&"_"&TEXT(DAY(F103),"00") -> 2029_04_27 | V103: =YEAR(G103)&"_"&TEXT(MONTH(G103),"00")&"_"&TEXT(DAY(G103),"00") -> 2029_06_01 | W103: =YEAR(H103)&"_"&TEXT(MONTH(H103),"00")&"_"&TEXT(DAY(H103),"00") -> 2029_06_29 | X103: =YEAR(I103)&"_"&TEXT(MONTH(I103),"00")&"_"&TEXT(DAY(I103),"00") -> 2029_07_27 | Y103: =YEAR(J103)&"_"&TEXT(MONTH(J103),"00")&"_"&TEXT(DAY(J103),"00") -> 2029_08_31 | Z103: =YEAR(K103)&"_"&TEXT(MONTH(K103),"00")&"_"&TEXT(DAY(K103),"00") -> 2029_09_28 | AA103: =YEAR(L103)&"_"&TEXT(MONTH(L103),"00")&"_"&TEXT(DAY(L103),"00") -> 2029_10_26 | AB103: =YEAR(M103)&"_"&TEXT(MONTH(M103),"00")&"_"&TEXT(DAY(M103),"00") -> 2029_11_30 | ... AF103: =YEAR(Q103)&"_"&TEXT(MONTH(Q103),"00")&"_"&TEXT(DAY(Q103),"00") -> 2030_03_29
D104: FY30 | E104: =TEXT( F104, "ddd") -> Mon | F104: =F103+3 -> 47238 | I104: =I103+3 -> 47329 | L104: =L103+3 -> 47420 | O104: =O103+3 -> 47511 | U104: =YEAR(F104)&"_"&TEXT(MONTH(F104),"00")&"_"&TEXT(DAY(F104),"00") -> 2029_04_30 | X104: =YEAR(I104)&"_"&TEXT(MONTH(I104),"00")&"_"&TEXT(DAY(I104),"00") -> 2029_07_30 | AA104: =YEAR(L104)&"_"&TEXT(MONTH(L104),"00")&"_"&TEXT(DAY(L104),"00") -> 2029_10_29 | AD104: =YEAR(O104)&"_"&TEXT(MONTH(O104),"00")&"_"&TEXT(DAY(O104),"00") -> 2030_01_28
...
